category,source,selector,media,property,current,token,proposed,change,note
color,assets/css/base.css,html,,background,var(--bg),color.surface.page,var(--pm-color-surface-page),same,
color,assets/css/base.css,body,,background,var(--bg),color.surface.page,var(--pm-color-surface-page),same,
color,assets/css/base.css,body,,color,var(--ink),color.text.primary,var(--pm-color-text-primary),same,
color,assets/css/base.css,"a:focus-visible, button:focus-visible",,outline,var(--cyan),color.accent.secondary,var(--pm-color-accent-secondary),same,
font-weight,assets/css/base.css,"h1, h2, h3",,font-weight,400,font.weight.regular,400,same,
spacing,assets/css/base.css,.pill,,gap,8px,space.2,8px,same,
spacing,assets/css/base.css,.pill,,padding,8px 16px,space.2 space.4,8px 16px,same,
color,assets/css/base.css,.pill,,border,var(--line),color.border.subtle,var(--pm-color-border-subtle),same,
radius,assets/css/base.css,.pill,,border-radius,999px,radius.full,9999px,changed,
font-size,assets/css/base.css,.pill,,font-size,13px,typography.small,14px (desktop end of small),changed,tie between two roles — rounded up; review
letter-spacing,assets/css/base.css,.pill,,letter-spacing,.04em,font.tracking.caps,0.05em,changed,
color,assets/css/base.css,.pill,,color,var(--ink-dim),color.text.secondary,var(--pm-color-text-secondary),same,
color,assets/css/base.css,.pill,,background,"rgba(255, 255, 255, .03)",color.surface.tint,var(--pm-color-surface-tint),same,
spacing,assets/css/base.css,.pill,(max-width: 860px),padding,7px 14px,space.2 space.4,8px 16px,changed,14px tie — rounded up
font-size,assets/css/base.css,.pill,(max-width: 860px),font-size,12px,typography.caption,12px (mobile end of caption),same,
radius,assets/css/base.css,.dot,,border-radius,50%,radius.full,50% (circle — keep),same,
color,assets/css/base.css,.dot,,background,#4ADE80,color.status.success,var(--pm-color-status-success),same,
shadow,assets/css/base.css,.dot,,box-shadow,0 0 12px 2px #4ADE80,shadow.glow-success,var(--pm-shadow-glow-success),same,
color,assets/css/base.css,.dot,,box-shadow,#4ADE80,color.status.success,var(--pm-color-status-success),same,
font-size,assets/css/base.css,.site-name,(max-width: 860px),font-size,13px,typography.small,14px (mobile end of small),changed,tie between two roles — rounded up; review
spacing,assets/css/base.css,.btn,,gap,10px,space.3,12px,changed,10px tie — rounded up
spacing,assets/css/base.css,.btn,,padding,15px 28px,space.4 space.8,16px 32px,changed,28px tie — rounded up
radius,assets/css/base.css,.btn,,border-radius,12px,radius.md,12px,same,
font-weight,assets/css/base.css,.btn,,font-weight,600,font.weight.semibold,600,same,
font-size,assets/css/base.css,.btn,,font-size,15px,typography.body,16px (desktop end of body),changed,tie between two roles — rounded up; review
motion,assets/css/base.css,.btn,,transition,.25s,duration.fast,200ms,changed,
motion,assets/css/base.css,.btn,,transition,.25s,duration.fast,200ms,changed,
color,assets/css/base.css,.btn-primary,,background,var(--grad),gradient.brand,var(--pm-gradient-brand),same,
color,assets/css/base.css,.btn-primary,,color,#0A0C10,color.text.on-accent,var(--pm-color-text-on-accent),same,
shadow,assets/css/base.css,.btn-primary,,box-shadow,"0 8px 24px -8px rgba(255, 106, 76, .55)",shadow.glow-accent,var(--pm-shadow-glow-accent),same,
color,assets/css/base.css,.btn-primary,,box-shadow,"rgba(255, 106, 76, .55)",color.alpha.coral-a55,var(--pm-color-alpha-coral-a55),same,
shadow,assets/css/base.css,.btn-primary:hover,,box-shadow,"0 14px 32px -8px rgba(255, 106, 76, .7)",shadow.glow-accent-hover,var(--pm-shadow-glow-accent-hover),same,
color,assets/css/base.css,.btn-primary:hover,,box-shadow,"rgba(255, 106, 76, .7)",color.alpha.coral-a70,var(--pm-color-alpha-coral-a70),same,
color,assets/css/base.css,.btn-ghost,,color,var(--ink),color.text.primary,var(--pm-color-text-primary),same,
color,assets/css/base.css,.btn-ghost,,border,var(--line),color.border.subtle,var(--pm-color-border-subtle),same,
color,assets/css/base.css,.btn-ghost:hover,,border-color,var(--cyan),color.accent.secondary,var(--pm-color-accent-secondary),same,
color,assets/css/base.css,.btn-ghost:hover,,color,var(--cyan),color.accent.secondary,var(--pm-color-accent-secondary),same,
color,assets/css/base.css,.btn-tertiary,,color,var(--ink-dim),color.text.secondary,var(--pm-color-text-secondary),same,
spacing,assets/css/base.css,.btn-tertiary,,padding,8px 2px,space.2 space.0-5,8px 2px,same,
color,assets/css/base.css,.btn-tertiary:hover,,color,var(--cyan),color.accent.secondary,var(--pm-color-accent-secondary),same,
spacing,assets/css/base.css,.btn,(max-width: 860px),padding,15px 22px,space.4 space.6,16px 24px,changed,22px tie — rounded up
spacing,assets/css/base.css,.btn.btn-tertiary,(max-width: 860px),padding,8px 2px,space.2 space.0-5,8px 2px,same,
font-size,assets/css/base.css,.navlink,,font-size,15px,typography.body,16px (desktop end of body),changed,tie between two roles — rounded up; review
color,assets/css/base.css,.navlink,,color,var(--ink-dim),color.text.secondary,var(--pm-color-text-secondary),same,
spacing,assets/css/base.css,.navlink,,padding,6px 2px,space.2 space.0-5,8px 2px,changed,6px tie — rounded up
radius,assets/css/base.css,.navlink::after,,border-radius,2px,radius.xs,2px,same,
color,assets/css/base.css,.navlink::after,,background,var(--grad),gradient.brand,var(--pm-gradient-brand),same,
motion,assets/css/base.css,.navlink::after,,transition,.3s,duration.base,300ms,same,
color,assets/css/base.css,.navlink:hover,,color,var(--ink),color.text.primary,var(--pm-color-text-primary),same,
motion,assets/css/base.css,.navlink:hover::after,,animation,1.6s,"(ambient/looping — keep, add reduced-motion stop)",1.6s,excluded,
motion,assets/css/base.css,.magnetic,,transition,.25s,duration.fast,200ms,changed,
radius,assets/css/base.css,.menu-btn,,border-radius,10px,radius.md,12px,changed,
color,assets/css/base.css,.menu-btn,,border,var(--line),color.border.subtle,var(--pm-color-border-subtle),same,
color,assets/css/base.css,.menu-btn,,background,"rgba(255, 255, 255, .03)",color.surface.tint,var(--pm-color-surface-tint),same,
spacing,assets/css/base.css,.menu-btn,,gap,4px,space.1,4px,same,
color,assets/css/base.css,.menu-btn span,,background,var(--ink),color.text.primary,var(--pm-color-text-primary),same,
radius,assets/css/base.css,.menu-btn span,,border-radius,2px,radius.xs,2px,same,
color,assets/css/base.css,.overlay,,background,#0A0C10,color.text.on-accent,var(--pm-color-text-on-accent),same,
spacing,assets/css/base.css,.overlay,,padding,22px,space.6,24px,changed,22px tie — rounded up
motion,assets/css/base.css,.overlay,,animation,.25s,duration.fast,200ms,changed,
font-size,assets/css/base.css,.overlay a,,font-size,32px,typography.heading-md,32px (desktop end of heading-md),same,
spacing,assets/css/base.css,.overlay a,,padding,14px 0,space.4,16px 0,changed,14px tie — rounded up
color,assets/css/base.css,.overlay a,,border-bottom,var(--line),color.border.subtle,var(--pm-color-border-subtle),same,
motion,assets/css/base.css,.fade-in,,animation,.9s,duration.entrance,900ms,same,
motion,assets/css/base.css,.split-word,,animation,.6s,duration.slow,600ms,same,
motion,assets/css/base.css,.grain,,animation,2.2s,"(ambient/looping — keep, add reduced-motion stop)",2.2s,excluded,
radius,assets/css/base.css,.grain-clear,,border-radius,50%,radius.full,50% (circle — keep),same,
color,assets/css/base.css,.grain-clear,,background,var(--bg),color.surface.page,var(--pm-color-surface-page),same,
color,assets/css/base.css,.grain-clear,,background,var(--bg),color.surface.page,var(--pm-color-surface-page),same,
color,assets/css/base.css,.grain-clear,,background,"rgba(20, 23, 31, 0)",(transparent stop — keep),"rgba(20, 23, 31, 0)",excluded,
spacing,assets/css/base.css,.aura,,margin-left,-460px,,-460px,same,"460px kept (hairline / layout offset, not spacing)"
color,assets/css/base.css,.aura,,background,"rgba(255, 106, 76, .22)",color.accent.primary-muted,var(--pm-color-accent-primary-muted),changed,
color,assets/css/base.css,.aura,,background,"rgba(69, 224, 255, .18)",color.accent.secondary-subtle,var(--pm-color-accent-secondary-subtle),changed,
color,assets/css/base.css,.aura,,background,"rgba(255, 156, 91, .2)",color.accent.primary-muted,var(--pm-color-accent-primary-muted),changed,
color,assets/css/base.css,.aura,,background,"rgba(255, 106, 76, .22)",color.accent.primary-muted,var(--pm-color-accent-primary-muted),changed,
radius,assets/css/base.css,.aura,,border-radius,50%,radius.full,50% (circle — keep),same,
motion,assets/css/base.css,.aura,,animation,34s,"(ambient/looping — keep, add reduced-motion stop)",34s,excluded,
spacing,assets/css/base.css,.aura,(max-width: 860px),margin-left,-260px,,-260px,same,"260px kept (hairline / layout offset, not spacing)"
motion,assets/css/base.css,.grid-overlay,,animation,.5s,duration.slow,600ms,changed,
radius,assets/css/base.css,.blob,,border-radius,50%,radius.full,50% (circle — keep),same,
color,assets/css/base.css,.blob.coral,,background,var(--coral),color.accent.primary,var(--pm-color-accent-primary),same,
color,assets/css/base.css,.blob.coral,,background,"rgba(255, 106, 76, 0)",(transparent stop — keep),"rgba(255, 106, 76, 0)",excluded,
color,assets/css/base.css,.blob.cyan,,background,var(--cyan),color.accent.secondary,var(--pm-color-accent-secondary),same,
color,assets/css/base.css,.blob.cyan,,background,"rgba(69, 224, 255, 0)",(transparent stop — keep),"rgba(69, 224, 255, 0)",excluded,
color,assets/css/base.css,.card,,background,var(--bg-card),color.surface.card,var(--pm-color-surface-card),same,
color,assets/css/base.css,.card,,border,var(--line),color.border.subtle,var(--pm-color-border-subtle),same,
radius,assets/css/base.css,.card,,border-radius,18px,radius.lg,20px,changed,
spacing,assets/css/base.css,.card,,padding,24px,space.6,24px,same,
motion,assets/css/base.css,.card,,transition,.3s,duration.base,300ms,same,
color,assets/css/base.css,.footer-line,,border-top,var(--line),color.border.subtle,var(--pm-color-border-subtle),same,
spacing,assets/css/base.css,.copy-tip,,gap,8px,space.2,8px,same,
color,assets/css/base.css,.copy-tip,,background,var(--bg-card),color.surface.card,var(--pm-color-surface-card),same,
color,assets/css/base.css,.copy-tip,,border,var(--line),color.border.subtle,var(--pm-color-border-subtle),same,
color,assets/css/base.css,.copy-tip,,color,var(--ink),color.text.primary,var(--pm-color-text-primary),same,
spacing,assets/css/base.css,.copy-tip,,padding,9px 14px,space.2 space.4,8px 16px,changed,14px tie — rounded up
radius,assets/css/base.css,.copy-tip,,border-radius,999px,radius.full,9999px,changed,
font-size,assets/css/base.css,.copy-tip,,font-size,13px,typography.small,14px (desktop end of small),changed,tie between two roles — rounded up; review
line-height,assets/css/base.css,.copy-tip,,line-height,1,font.line-height.none,1,same,
motion,assets/css/base.css,.copy-tip,,transition,.2s,duration.fast,200ms,same,
motion,assets/css/base.css,.copy-tip,,transition,.2s,duration.fast,200ms,same,
shadow,assets/css/base.css,.copy-tip,,box-shadow,"0 10px 30px -10px rgba(0, 0, 0, .5)",shadow.elevation-1,var(--pm-shadow-elevation-1),same,
color,assets/css/base.css,.copy-tip,,box-shadow,"rgba(0, 0, 0, .5)",color.alpha.black-a50,var(--pm-color-alpha-black-a50),same,
color,assets/css/base.css,.copy-tip svg,,color,#4ADE80,color.status.success,var(--pm-color-status-success),same,
spacing,assets/css/base.css,:where(.pg-about) .nav-links,,gap,36px,space.10,40px,changed,36px tie — rounded up
font-size,assets/css/base.css,:where(.pg-about) .badge-label,,font-size,11px,typography.caption,12px (desktop end of caption),changed,raised from 11px (legibility floor 12px)
letter-spacing,assets/css/base.css,:where(.pg-about) .badge-label,,letter-spacing,.05em,font.tracking.caps,0.05em,same,
font-size,assets/css/base.css,:where(.pg-about) .badge-label,(max-width: 860px),font-size,9px,typography.caption,12px (mobile end of caption),changed,raised from 9px (legibility floor 12px)
letter-spacing,assets/css/base.css,:where(.pg-about) .badge-label,(max-width: 860px),letter-spacing,.04em,font.tracking.caps,0.05em,changed,
font-size,assets/css/base.css,:where(.pg-about) .hero h1,,font-size,56px,typography.display-md,60px (desktop end of display-md),changed,role by element (h1)
line-height,assets/css/base.css,:where(.pg-about) .hero h1,,line-height,1.08,font.line-height.tight,1.1,changed,
spacing,assets/css/base.css,:where(.pg-about) .hero h1,,margin-top,20px,space.5,20px,same,
font-size,assets/css/base.css,:where(.pg-about) .hero-sub,,font-size,17px,typography.body-lg,18px (desktop end of body-lg),changed,tie between two roles — rounded up; review
line-height,assets/css/base.css,:where(.pg-about) .hero-sub,,line-height,1.6,font.line-height.relaxed,1.65,changed,
color,assets/css/base.css,:where(.pg-about) .hero-sub,,color,var(--ink-dim),color.text.secondary,var(--pm-color-text-secondary),same,
spacing,assets/css/base.css,:where(.pg-about) .hero-sub,,margin-top,16px,space.4,16px,same,
font-size,assets/css/base.css,:where(.pg-about) .hero h1,(max-width: 860px),font-size,34px,typography.display-md,36px (mobile end of display-md),changed,role by element (h1)
line-height,assets/css/base.css,:where(.pg-about) .hero h1,(max-width: 860px),line-height,1.1,font.line-height.tight,1.1,same,
font-size,assets/css/base.css,:where(.pg-about) .hero-sub,(max-width: 860px),font-size,15px,typography.body,16px (mobile end of body),changed,tie between two roles — rounded up; review
spacing,assets/css/base.css,:where(.pg-about) .hero-sub,(max-width: 860px),margin-top,12px,space.3,12px,same,
spacing,assets/css/base.css,:where(.pg-about) .about-chunks,,gap,56px,space.14,56px,same,
spacing,assets/css/base.css,:where(.pg-about) .about-chunk,,gap,48px,space.12,48px,same,
radius,assets/css/base.css,:where(.pg-about) .about-chunk-photo,,border-radius,20px,radius.lg,20px,same,
color,assets/css/base.css,:where(.pg-about) .about-chunk-photo,,border,var(--line),color.border.subtle,var(--pm-color-border-subtle),same,
font-size,assets/css/base.css,:where(.pg-about) .about-chunk-copy p,,font-size,17px,typography.body-lg,18px (desktop end of body-lg),changed,tie between two roles — rounded up; review
line-height,assets/css/base.css,:where(.pg-about) .about-chunk-copy p,,line-height,1.7,font.line-height.relaxed,1.65,changed,
color,assets/css/base.css,:where(.pg-about) .about-chunk-copy p,,color,var(--ink-dim),color.text.secondary,var(--pm-color-text-secondary),same,
spacing,assets/css/base.css,:where(.pg-about) .about-chunk,(max-width: 860px),gap,20px,space.5,20px,same,
font-size,assets/css/base.css,:where(.pg-about) .about-chunk-copy p,(max-width: 860px),font-size,17px,typography.lead,17px (mobile end of lead),same,
line-height,assets/css/base.css,:where(.pg-about) .about-chunk-copy p,(max-width: 860px),line-height,1.7,font.line-height.relaxed,1.65,changed,
spacing,assets/css/base.css,:where(.pg-about) .site-footer .wrap,,gap,6px,space.2,8px,changed,6px tie — rounded up
color,assets/css/base.css,:where(.pg-about) .site-footer .wrap,,color,var(--ink-faint),color.text.tertiary,var(--pm-color-text-tertiary),changed,
font-size,assets/css/base.css,:where(.pg-about) .site-footer .wrap,,font-size,12px,typography.caption,12px (desktop end of caption),same,
spacing,assets/css/base.css,:where(.pg-about) .site-footer .wrap,,padding-top,24px,space.6,24px,same,
spacing,assets/css/base.css,:where(.pg-about) .site-footer .wrap,,padding-bottom,24px,space.6,24px,same,
spacing,assets/css/base.css,:where(.pg-about) .site-footer .wrap,(min-width: 861px),gap,12px,space.3,12px,same,
spacing,assets/css/base.css,:where(.pg-about) .site-footer .wrap,(min-width: 861px),padding-top,32px,space.8,32px,same,
spacing,assets/css/base.css,:where(.pg-about) .site-footer .wrap,(min-width: 861px),padding-bottom,32px,space.8,32px,same,
spacing,assets/css/base.css,:where(.pg-ai-augmented-practice) .nav-links,,gap,36px,space.10,40px,changed,36px tie — rounded up
font-size,assets/css/base.css,:where(.pg-ai-augmented-practice) .badge-label,,font-size,11px,typography.caption,12px (desktop end of caption),changed,raised from 11px (legibility floor 12px)
letter-spacing,assets/css/base.css,:where(.pg-ai-augmented-practice) .badge-label,,letter-spacing,.05em,font.tracking.caps,0.05em,same,
font-size,assets/css/base.css,:where(.pg-ai-augmented-practice) .badge-label,(max-width: 860px),font-size,9px,typography.caption,12px (mobile end of caption),changed,raised from 9px (legibility floor 12px)
letter-spacing,assets/css/base.css,:where(.pg-ai-augmented-practice) .badge-label,(max-width: 860px),letter-spacing,.04em,font.tracking.caps,0.05em,changed,
spacing,assets/css/base.css,:where(.pg-ai-augmented-practice) .hero,,padding-top,48px,space.12,48px,same,
spacing,assets/css/base.css,:where(.pg-ai-augmented-practice) .hero,,padding-bottom,60px,space.16,64px,changed,60px tie — rounded up
spacing,assets/css/base.css,:where(.pg-ai-augmented-practice) .hero,(max-width: 860px),padding-top,24px,space.6,24px,same,
spacing,assets/css/base.css,:where(.pg-ai-augmented-practice) .hero,(max-width: 860px),padding-bottom,36px,space.10,40px,changed,36px tie — rounded up
font-size,assets/css/base.css,:where(.pg-ai-augmented-practice) .hero h1,,font-size,60px,typography.display-md,60px (desktop end of display-md),same,role by element (h1)
line-height,assets/css/base.css,:where(.pg-ai-augmented-practice) .hero h1,,line-height,1.1,font.line-height.tight,1.1,same,
spacing,assets/css/base.css,:where(.pg-ai-augmented-practice) .hero h1,,margin-top,24px,space.6,24px,same,
font-size,assets/css/base.css,:where(.pg-ai-augmented-practice) .hero h1,(max-width: 860px),font-size,34px,typography.display-md,36px (mobile end of display-md),changed,role by element (h1)
line-height,assets/css/base.css,:where(.pg-ai-augmented-practice) .hero h1,(max-width: 860px),line-height,1.15,font.line-height.tight,1.1,changed,
spacing,assets/css/base.css,:where(.pg-ai-augmented-practice) .hero h1,(max-width: 860px),margin-top,18px,space.5,20px,changed,18px tie — rounded up
font-size,assets/css/base.css,:where(.pg-ai-augmented-practice) .hero-sub,,font-size,19px,typography.lead,20px (desktop end of lead),changed,tie between two roles — rounded up; review
line-height,assets/css/base.css,:where(.pg-ai-augmented-practice) .hero-sub,,line-height,1.6,font.line-height.relaxed,1.65,changed,
color,assets/css/base.css,:where(.pg-ai-augmented-practice) .hero-sub,,color,var(--ink-dim),color.text.secondary,var(--pm-color-text-secondary),same,
spacing,assets/css/base.css,:where(.pg-ai-augmented-practice) .hero-sub,,margin-top,20px,space.5,20px,same,
font-size,assets/css/base.css,:where(.pg-ai-augmented-practice) .hero-sub,(max-width: 860px),font-size,15px,typography.body,16px (mobile end of body),changed,tie between two roles — rounded up; review
spacing,assets/css/base.css,:where(.pg-ai-augmented-practice) .hero-sub,(max-width: 860px),margin-top,14px,space.4,16px,changed,14px tie — rounded up
spacing,assets/css/base.css,:where(.pg-ai-augmented-practice) .stats-wrap,,padding-bottom,80px,space.20,80px,same,
spacing,assets/css/base.css,:where(.pg-ai-augmented-practice) .stats-wrap,(max-width: 860px),padding-bottom,44px,space.12,48px,changed,44px tie — rounded up
color,assets/css/base.css,:where(.pg-ai-augmented-practice) .stats-card,,border,var(--line),color.border.subtle,var(--pm-color-border-subtle),same,
radius,assets/css/base.css,:where(.pg-ai-augmented-practice) .stats-card,,border-radius,20px,radius.lg,20px,same,
color,assets/css/base.css,:where(.pg-ai-augmented-practice) .stats-card,,background,var(--bg-card),color.surface.card,var(--pm-color-surface-card),same,
radius,assets/css/base.css,:where(.pg-ai-augmented-practice) .stats-card,(max-width: 860px),border-radius,18px,radius.lg,20px,changed,
spacing,assets/css/base.css,:where(.pg-ai-augmented-practice) .stats-card,(max-width: 860px),padding,4px 20px,space.1 space.5,4px 20px,same,
spacing,assets/css/base.css,:where(.pg-ai-augmented-practice) .stat,,gap,4px,space.1,4px,same,
spacing,assets/css/base.css,:where(.pg-ai-augmented-practice) .stat,,padding,20px 24px,space.5 space.6,20px 24px,same,
color,assets/css/base.css,:where(.pg-ai-augmented-practice) .stat,,border-left,var(--line),color.border.subtle,var(--pm-color-border-subtle),same,
font-size,assets/css/base.css,:where(.pg-ai-augmented-practice) .stat b,,font-size,32px,typography.heading-md,32px (desktop end of heading-md),same,
font-weight,assets/css/base.css,:where(.pg-ai-augmented-practice) .stat b,,font-weight,400,font.weight.regular,400,same,
motion,assets/css/base.css,:where(.pg-ai-augmented-practice) .stat b,,transition,5s,"(ambient/looping — keep, add reduced-motion stop)",5s,excluded,
color,assets/css/base.css,:where(.pg-ai-augmented-practice) .stat span,,color,var(--ink-faint),color.text.tertiary,var(--pm-color-text-tertiary),changed,
font-size,assets/css/base.css,:where(.pg-ai-augmented-practice) .stat span,,font-size,13px,typography.small,14px (desktop end of small),changed,tie between two roles — rounded up; review
spacing,assets/css/base.css,:where(.pg-ai-augmented-practice) .stat,(max-width: 860px),padding,18px 0,space.5,20px 0,changed,18px tie — rounded up
color,assets/css/base.css,:where(.pg-ai-augmented-practice) .stat,(max-width: 860px),border-bottom,var(--line),color.border.subtle,var(--pm-color-border-subtle),same,
font-size,assets/css/base.css,:where(.pg-ai-augmented-practice) .stat b,(max-width: 860px),font-size,26px,typography.heading-lg,28px (mobile end of heading-lg),changed,tie between two roles — rounded up; review
font-size,assets/css/base.css,:where(.pg-ai-augmented-practice) .stat span,(max-width: 860px),font-size,12px,typography.caption,12px (mobile end of caption),same,
spacing,assets/css/base.css,:where(.pg-ai-augmented-practice) .gaps-wrap,,padding-top,20px,space.5,20px,same,
spacing,assets/css/base.css,:where(.pg-ai-augmented-practice) .gaps-wrap,,padding-bottom,100px,space.24,96px,changed,
spacing,assets/css/base.css,:where(.pg-ai-augmented-practice) .gaps-wrap,(max-width: 860px),padding-bottom,56px,space.14,56px,same,
font-size,assets/css/base.css,:where(.pg-ai-augmented-practice) .gaps-heading,,font-size,38px,typography.heading-lg,40px (desktop end of heading-lg),changed,
line-height,assets/css/base.css,:where(.pg-ai-augmented-practice) .gaps-heading,,line-height,1.2,font.line-height.snug,1.25,changed,
font-size,assets/css/base.css,:where(.pg-ai-augmented-practice) .gaps-heading,(max-width: 860px),font-size,24px,typography.heading-md,24px (mobile end of heading-md),same,
line-height,assets/css/base.css,:where(.pg-ai-augmented-practice) .gaps-heading,(max-width: 860px),line-height,1.25,font.line-height.snug,1.25,same,
color,assets/css/base.css,:where(.pg-ai-augmented-practice) .gaps-intro,,color,var(--ink-dim),color.text.secondary,var(--pm-color-text-secondary),same,
font-size,assets/css/base.css,:where(.pg-ai-augmented-practice) .gaps-intro,,font-size,16px,typography.body,16px (desktop end of body),same,
line-height,assets/css/base.css,:where(.pg-ai-augmented-practice) .gaps-intro,,line-height,1.65,font.line-height.relaxed,1.65,same,
spacing,assets/css/base.css,:where(.pg-ai-augmented-practice) .gaps-intro,,margin-top,20px,space.5,20px,same,
font-size,assets/css/base.css,:where(.pg-ai-augmented-practice) .gaps-intro,(max-width: 860px),font-size,16px,typography.body,16px (mobile end of body),same,
spacing,assets/css/base.css,:where(.pg-ai-augmented-practice) .gaps-intro,(max-width: 860px),margin-top,14px,space.4,16px,changed,14px tie — rounded up
spacing,assets/css/base.css,:where(.pg-ai-augmented-practice) .gap-grid,,gap,20px,space.5,20px,same,
spacing,assets/css/base.css,:where(.pg-ai-augmented-practice) .gap-grid,,margin-top,40px,space.10,40px,same,
spacing,assets/css/base.css,:where(.pg-ai-augmented-practice) .gap-grid,(max-width: 860px),gap,14px,space.4,16px,changed,14px tie — rounded up
spacing,assets/css/base.css,:where(.pg-ai-augmented-practice) .gap-grid,(max-width: 860px),margin-top,24px,space.6,24px,same,
font-size,assets/css/base.css,:where(.pg-ai-augmented-practice) .gap-card h3,,font-size,18px,typography.body-lg,18px (desktop end of body-lg),same,
spacing,assets/css/base.css,:where(.pg-ai-augmented-practice) .gap-card h3,,margin-top,18px,space.5,20px,changed,18px tie — rounded up
color,assets/css/base.css,:where(.pg-ai-augmented-practice) .gap-card h3,,color,var(--ink),color.text.primary,var(--pm-color-text-primary),same,
font-size,assets/css/base.css,:where(.pg-ai-augmented-practice) .gap-card h3,(max-width: 860px),font-size,16px,typography.body,16px (mobile end of body),same,
spacing,assets/css/base.css,:where(.pg-ai-augmented-practice) .gap-card h3,(max-width: 860px),margin-top,14px,space.4,16px,changed,14px tie — rounded up
color,assets/css/base.css,:where(.pg-ai-augmented-practice) .gap-card p,,color,var(--ink-dim),color.text.secondary,var(--pm-color-text-secondary),same,
font-size,assets/css/base.css,:where(.pg-ai-augmented-practice) .gap-card p,,font-size,14px,typography.small,14px (desktop end of small),same,
line-height,assets/css/base.css,:where(.pg-ai-augmented-practice) .gap-card p,,line-height,1.6,font.line-height.relaxed,1.65,changed,
spacing,assets/css/base.css,:where(.pg-ai-augmented-practice) .gap-card p,,margin-top,8px,space.2,8px,same,
font-size,assets/css/base.css,:where(.pg-ai-augmented-practice) .gap-card p,(max-width: 860px),font-size,15px,typography.body,16px (mobile end of body),changed,tie between two roles — rounded up; review
spacing,assets/css/base.css,:where(.pg-ai-augmented-practice) .gap-card p,(max-width: 860px),margin-top,6px,space.2,8px,changed,6px tie — rounded up
radius,assets/css/base.css,:where(.pg-ai-augmented-practice) .shot-img,,border-radius,14px,radius.md,12px,changed,
color,assets/css/base.css,:where(.pg-ai-augmented-practice) .shot-img,,border,var(--line),color.border.subtle,var(--pm-color-border-subtle),same,
spacing,assets/css/base.css,:where(.pg-ai-augmented-practice) .two-col,,gap,60px,space.16,64px,changed,60px tie — rounded up
spacing,assets/css/base.css,:where(.pg-ai-augmented-practice) .two-col,,padding-bottom,100px,space.24,96px,changed,
spacing,assets/css/base.css,:where(.pg-ai-augmented-practice) .two-col,(max-width: 860px),padding-bottom,56px,space.14,56px,same,
spacing,assets/css/base.css,:where(.pg-ai-augmented-practice) .two-col-last,,padding-bottom,120px,space.32,128px,changed,
spacing,assets/css/base.css,:where(.pg-ai-augmented-practice) .two-col-last,(max-width: 860px),padding-bottom,64px,space.16,64px,same,
font-size,assets/css/base.css,:where(.pg-ai-augmented-practice) .two-col > h2,,font-size,34px,typography.heading-md,32px (desktop end of heading-md),changed,
font-size,assets/css/base.css,:where(.pg-ai-augmented-practice) .two-col > h2,(max-width: 860px),font-size,24px,typography.heading-md,24px (mobile end of heading-md),same,
spacing,assets/css/base.css,:where(.pg-ai-augmented-practice) .two-col > h2,(max-width: 860px),margin-bottom,16px,space.4,16px,same,
color,assets/css/base.css,:where(.pg-ai-augmented-practice) .two-col > p,,color,var(--ink-dim),color.text.secondary,var(--pm-color-text-secondary),same,
font-size,assets/css/base.css,:where(.pg-ai-augmented-practice) .two-col > p,,font-size,17px,typography.body-lg,18px (desktop end of body-lg),changed,tie between two roles — rounded up; review
line-height,assets/css/base.css,:where(.pg-ai-augmented-practice) .two-col > p,,line-height,1.7,font.line-height.relaxed,1.65,changed,
font-size,assets/css/base.css,:where(.pg-ai-augmented-practice) .two-col > p,(max-width: 860px),font-size,17px,typography.lead,17px (mobile end of lead),same,
spacing,assets/css/base.css,:where(.pg-ai-augmented-practice) .step,,gap,24px,space.6,24px,same,
spacing,assets/css/base.css,:where(.pg-ai-augmented-practice) .step,,padding-bottom,44px,space.12,48px,changed,44px tie — rounded up
color,assets/css/base.css,:where(.pg-ai-augmented-practice) .step-line,,background,var(--line),color.border.subtle,var(--pm-color-border-subtle),same,
radius,assets/css/base.css,:where(.pg-ai-augmented-practice) .step-num,,border-radius,50%,radius.full,50% (circle — keep),same,
color,assets/css/base.css,:where(.pg-ai-augmented-practice) .step-num,,background,var(--bg-card),color.surface.card,var(--pm-color-surface-card),same,
color,assets/css/base.css,:where(.pg-ai-augmented-practice) .step-num,,border,var(--line),color.border.subtle,var(--pm-color-border-subtle),same,
font-size,assets/css/base.css,:where(.pg-ai-augmented-practice) .step-num,,font-size,20px,typography.lead,20px (desktop end of lead),same,
motion,assets/css/base.css,:where(.pg-ai-augmented-practice) .step-num,,transition,5s,"(ambient/looping — keep, add reduced-motion stop)",5s,excluded,
font-size,assets/css/base.css,:where(.pg-ai-augmented-practice) .step h3,,font-size,19px,typography.lead,20px (desktop end of lead),changed,tie between two roles — rounded up; review
color,assets/css/base.css,:where(.pg-ai-augmented-practice) .step h3,,color,var(--ink),color.text.primary,var(--pm-color-text-primary),same,
color,assets/css/base.css,:where(.pg-ai-augmented-practice) .step p,,color,var(--ink-dim),color.text.secondary,var(--pm-color-text-secondary),same,
font-size,assets/css/base.css,:where(.pg-ai-augmented-practice) .step p,,font-size,15px,typography.body,16px (desktop end of body),changed,tie between two roles — rounded up; review
line-height,assets/css/base.css,:where(.pg-ai-augmented-practice) .step p,,line-height,1.65,font.line-height.relaxed,1.65,same,
spacing,assets/css/base.css,:where(.pg-ai-augmented-practice) .step p,,margin-top,8px,space.2,8px,same,
spacing,assets/css/base.css,:where(.pg-ai-augmented-practice) .step,(max-width: 860px),gap,16px,space.4,16px,same,
spacing,assets/css/base.css,:where(.pg-ai-augmented-practice) .step,(max-width: 860px),padding-bottom,32px,space.8,32px,same,
font-size,assets/css/base.css,:where(.pg-ai-augmented-practice) .step-num,(max-width: 860px),font-size,17px,typography.lead,17px (mobile end of lead),same,
font-size,assets/css/base.css,:where(.pg-ai-augmented-practice) .step h3,(max-width: 860px),font-size,16px,typography.body,16px (mobile end of body),same,
font-size,assets/css/base.css,:where(.pg-ai-augmented-practice) .step p,(max-width: 860px),font-size,16px,typography.body,16px (mobile end of body),same,
spacing,assets/css/base.css,:where(.pg-ai-augmented-practice) .step p,(max-width: 860px),margin-top,6px,space.2,8px,changed,6px tie — rounded up
spacing,assets/css/base.css,:where(.pg-ai-augmented-practice) .outcomes-wrap,,padding-top,100px,space.24,96px,changed,
spacing,assets/css/base.css,:where(.pg-ai-augmented-practice) .outcomes-wrap,,padding-bottom,100px,space.24,96px,changed,
spacing,assets/css/base.css,:where(.pg-ai-augmented-practice) .outcomes-wrap,(max-width: 860px),padding-top,56px,space.14,56px,same,
spacing,assets/css/base.css,:where(.pg-ai-augmented-practice) .outcomes-wrap,(max-width: 860px),padding-bottom,56px,space.14,56px,same,
font-size,assets/css/base.css,:where(.pg-ai-augmented-practice) .outcomes-heading,,font-size,38px,typography.heading-lg,40px (desktop end of heading-lg),changed,
spacing,assets/css/base.css,:where(.pg-ai-augmented-practice) .outcomes-heading,,margin-bottom,36px,space.10,40px,changed,36px tie — rounded up
font-size,assets/css/base.css,:where(.pg-ai-augmented-practice) .outcomes-heading,(max-width: 860px),font-size,26px,typography.heading-lg,28px (mobile end of heading-lg),changed,tie between two roles — rounded up; review
spacing,assets/css/base.css,:where(.pg-ai-augmented-practice) .outcomes-heading,(max-width: 860px),margin-bottom,20px,space.5,20px,same,
spacing,assets/css/base.css,:where(.pg-ai-augmented-practice) .check-row,,gap,16px,space.4,16px,same,
spacing,assets/css/base.css,:where(.pg-ai-augmented-practice) .check-row,,padding,18px 0,space.5,20px 0,changed,18px tie — rounded up
color,assets/css/base.css,:where(.pg-ai-augmented-practice) .check-row,,border-bottom,var(--line),color.border.subtle,var(--pm-color-border-subtle),same,
font-size,assets/css/base.css,:where(.pg-ai-augmented-practice) .check-row p,,font-size,16px,typography.body,16px (desktop end of body),same,
line-height,assets/css/base.css,:where(.pg-ai-augmented-practice) .check-row p,,line-height,1.6,font.line-height.relaxed,1.65,changed,
radius,assets/css/base.css,:where(.pg-ai-augmented-practice) .check,,border-radius,50%,radius.full,50% (circle — keep),same,
color,assets/css/base.css,:where(.pg-ai-augmented-practice) .check,,background,var(--coral),color.accent.primary,var(--pm-color-accent-primary),same,
color,assets/css/base.css,:where(.pg-ai-augmented-practice) .check,,color,#0A0C10,color.text.on-accent,var(--pm-color-text-on-accent),same,
font-size,assets/css/base.css,:where(.pg-ai-augmented-practice) .check,,font-size,17px,typography.body-lg,18px (desktop end of body-lg),changed,tie between two roles — rounded up; review
font-weight,assets/css/base.css,:where(.pg-ai-augmented-practice) .check,,font-weight,700,font.weight.bold,700,same,
spacing,assets/css/base.css,:where(.pg-ai-augmented-practice) .check-row,(max-width: 860px),gap,14px,space.4,16px,changed,14px tie — rounded up
spacing,assets/css/base.css,:where(.pg-ai-augmented-practice) .check-row,(max-width: 860px),padding,16px 0,space.4,16px 0,same,
font-size,assets/css/base.css,:where(.pg-ai-augmented-practice) .check-row p,(max-width: 860px),font-size,16px,typography.body,16px (mobile end of body),same,
font-size,assets/css/base.css,:where(.pg-ai-augmented-practice) .check,(max-width: 860px),font-size,15px,typography.body,16px (mobile end of body),changed,tie between two roles — rounded up; review
font-size,assets/css/base.css,:where(.pg-ai-augmented-practice) .key-learning-quote,,font-size,24px,typography.heading-sm,24px (desktop end of heading-sm),same,
line-height,assets/css/base.css,:where(.pg-ai-augmented-practice) .key-learning-quote,,line-height,1.5,font.line-height.normal,1.5,same,
font-size,assets/css/base.css,:where(.pg-ai-augmented-practice) .key-learning-quote,(max-width: 860px),font-size,19px,typography.heading-sm,20px (mobile end of heading-sm),changed,tie between two roles — rounded up; review
color,assets/css/base.css,:where(.pg-ai-augmented-practice) .testimonial-card,,border-color,"rgba(255, 106, 76, .35)",color.border.accent,var(--pm-color-border-accent),same,
font-size,assets/css/base.css,:where(.pg-ai-augmented-practice) .testimonial-card p,,font-size,16px,typography.body,16px (desktop end of body),same,
line-height,assets/css/base.css,:where(.pg-ai-augmented-practice) .testimonial-card p,,line-height,1.65,font.line-height.relaxed,1.65,same,
color,assets/css/base.css,:where(.pg-ai-augmented-practice) .testimonial-card p,,color,var(--ink-dim),color.text.secondary,var(--pm-color-text-secondary),same,
spacing,assets/css/base.css,:where(.pg-ai-augmented-practice) .testimonial-card cite,,margin-top,16px,space.4,16px,same,
font-size,assets/css/base.css,:where(.pg-ai-augmented-practice) .testimonial-card cite,,font-size,13px,typography.small,14px (desktop end of small),changed,tie between two roles — rounded up; review
color,assets/css/base.css,:where(.pg-ai-augmented-practice) .testimonial-card cite,,color,var(--ink-faint),color.text.tertiary,var(--pm-color-text-tertiary),changed,
spacing,assets/css/base.css,:where(.pg-ai-augmented-practice) .testimonial-card,(min-width: 861px),padding,32px,space.8,32px,same,
spacing,assets/css/base.css,:where(.pg-ai-augmented-practice) .footer-cta,,padding,70px 0,space.16,64px 0,changed,
spacing,assets/css/base.css,:where(.pg-ai-augmented-practice) .footer-cta,(max-width: 860px),padding,48px 0,space.12,48px 0,same,
font-size,assets/css/base.css,:where(.pg-ai-augmented-practice) .cta-heading,,font-size,34px,typography.heading-md,32px (desktop end of heading-md),changed,
spacing,assets/css/base.css,:where(.pg-ai-augmented-practice) .cta-heading,,margin,0 auto 32px,space.8,0 auto 32px,same,
line-height,assets/css/base.css,:where(.pg-ai-augmented-practice) .cta-heading,,line-height,1.3,font.line-height.snug,1.25,changed,
font-size,assets/css/base.css,:where(.pg-ai-augmented-practice) .cta-heading,(max-width: 860px),font-size,24px,typography.heading-md,24px (mobile end of heading-md),same,
spacing,assets/css/base.css,:where(.pg-ai-augmented-practice) .cta-heading,(max-width: 860px),margin-bottom,22px,space.6,24px,changed,22px tie — rounded up
spacing,assets/css/base.css,:where(.pg-ai-augmented-practice) .cta-actions,,gap,48px,space.12,48px,same,
spacing,assets/css/base.css,:where(.pg-ai-augmented-practice) .cta-actions,(max-width: 860px),gap,16px,space.4,16px,same,
spacing,assets/css/base.css,:where(.pg-ai-augmented-practice) .site-footer .wrap,,gap,6px,space.2,8px,changed,6px tie — rounded up
color,assets/css/base.css,:where(.pg-ai-augmented-practice) .site-footer .wrap,,color,var(--ink-faint),color.text.tertiary,var(--pm-color-text-tertiary),changed,
font-size,assets/css/base.css,:where(.pg-ai-augmented-practice) .site-footer .wrap,,font-size,12px,typography.caption,12px (desktop end of caption),same,
spacing,assets/css/base.css,:where(.pg-ai-augmented-practice) .site-footer .wrap,,padding-top,24px,space.6,24px,same,
spacing,assets/css/base.css,:where(.pg-ai-augmented-practice) .site-footer .wrap,,padding-bottom,24px,space.6,24px,same,
spacing,assets/css/base.css,:where(.pg-ai-augmented-practice) .site-footer .wrap,(min-width: 861px),gap,12px,space.3,12px,same,
spacing,assets/css/base.css,:where(.pg-ai-augmented-practice) .site-footer .wrap,(min-width: 861px),padding-top,32px,space.8,32px,same,
spacing,assets/css/base.css,:where(.pg-ai-augmented-practice) .site-footer .wrap,(min-width: 861px),padding-bottom,32px,space.8,32px,same,
spacing,assets/css/base.css,:where(.pg-ai-augmented-practice) .cs-top-nav,,padding-top,14px,space.4,16px,changed,14px tie — rounded up
spacing,assets/css/base.css,:where(.pg-ai-augmented-practice) .cs-top-nav,(max-width: 860px),padding-top,10px,space.3,12px,changed,10px tie — rounded up
spacing,assets/css/base.css,:where(.pg-apply-platform) .nav-links,,gap,36px,space.10,40px,changed,36px tie — rounded up
font-size,assets/css/base.css,:where(.pg-apply-platform) .badge-label,,font-size,11px,typography.caption,12px (desktop end of caption),changed,raised from 11px (legibility floor 12px)
letter-spacing,assets/css/base.css,:where(.pg-apply-platform) .badge-label,,letter-spacing,.05em,font.tracking.caps,0.05em,same,
font-size,assets/css/base.css,:where(.pg-apply-platform) .badge-label,(max-width: 860px),font-size,9px,typography.caption,12px (mobile end of caption),changed,raised from 9px (legibility floor 12px)
letter-spacing,assets/css/base.css,:where(.pg-apply-platform) .badge-label,(max-width: 860px),letter-spacing,.04em,font.tracking.caps,0.05em,changed,
spacing,assets/css/base.css,:where(.pg-apply-platform) .sec-hero,,padding-top,48px,space.12,48px,same,
spacing,assets/css/base.css,:where(.pg-apply-platform) .sec-hero,,padding-bottom,60px,space.16,64px,changed,60px tie — rounded up
spacing,assets/css/base.css,:where(.pg-apply-platform) .sec-stats,,padding-bottom,80px,space.20,80px,same,
spacing,assets/css/base.css,:where(.pg-apply-platform) .sec-visual,,padding-top,20px,space.5,20px,same,
spacing,assets/css/base.css,:where(.pg-apply-platform) .sec-visual,,padding-bottom,100px,space.24,96px,changed,
spacing,assets/css/base.css,":where(.pg-apply-platform) .sec-challenge, :where(.pg-apply-platform) .sec-approach, :where(.pg-apply-platform) .sec-growth",,padding-bottom,100px,space.24,96px,changed,
spacing,assets/css/base.css,:where(.pg-apply-platform) .sec-outcomes,,padding-top,100px,space.24,96px,changed,
spacing,assets/css/base.css,:where(.pg-apply-platform) .sec-outcomes,,padding-bottom,100px,space.24,96px,changed,
spacing,assets/css/base.css,:where(.pg-apply-platform) .sec-learning,,padding-bottom,60px,space.16,64px,changed,60px tie — rounded up
spacing,assets/css/base.css,:where(.pg-apply-platform) .sec-testimonial,,padding-bottom,120px,space.32,128px,changed,
spacing,assets/css/base.css,:where(.pg-apply-platform) .sec-cta,,padding-top,70px,space.16,64px,changed,
spacing,assets/css/base.css,:where(.pg-apply-platform) .sec-cta,,padding-bottom,70px,space.16,64px,changed,
spacing,assets/css/base.css,:where(.pg-apply-platform) .sec-hero,(max-width: 860px),padding-top,24px,space.6,24px,same,
spacing,assets/css/base.css,:where(.pg-apply-platform) .sec-hero,(max-width: 860px),padding-bottom,36px,space.10,40px,changed,36px tie — rounded up
spacing,assets/css/base.css,:where(.pg-apply-platform) .sec-stats,(max-width: 860px),padding-bottom,44px,space.12,48px,changed,44px tie — rounded up
spacing,assets/css/base.css,:where(.pg-apply-platform) .sec-visual,(max-width: 860px),padding-bottom,56px,space.14,56px,same,
spacing,assets/css/base.css,":where(.pg-apply-platform) .sec-challenge, :where(.pg-apply-platform) .sec-approach, :where(.pg-apply-platform) .sec-growth",(max-width: 860px),padding-bottom,56px,space.14,56px,same,
spacing,assets/css/base.css,:where(.pg-apply-platform) .sec-outcomes,(max-width: 860px),padding-top,56px,space.14,56px,same,
spacing,assets/css/base.css,:where(.pg-apply-platform) .sec-outcomes,(max-width: 860px),padding-bottom,56px,space.14,56px,same,
spacing,assets/css/base.css,:where(.pg-apply-platform) .sec-learning,(max-width: 860px),padding-bottom,32px,space.8,32px,same,
spacing,assets/css/base.css,:where(.pg-apply-platform) .sec-testimonial,(max-width: 860px),padding-bottom,64px,space.16,64px,same,
spacing,assets/css/base.css,:where(.pg-apply-platform) .sec-cta,(max-width: 860px),padding-top,48px,space.12,48px,same,
spacing,assets/css/base.css,:where(.pg-apply-platform) .sec-cta,(max-width: 860px),padding-bottom,48px,space.12,48px,same,
font-size,assets/css/base.css,:where(.pg-apply-platform) .hero-title,,font-size,44px,typography.display-md,60px (desktop end of display-md),changed,role by element (h1)
line-height,assets/css/base.css,:where(.pg-apply-platform) .hero-title,,line-height,1.12,font.line-height.tight,1.1,changed,
spacing,assets/css/base.css,:where(.pg-apply-platform) .hero-title,,margin-top,24px,space.6,24px,same,
font-size,assets/css/base.css,:where(.pg-apply-platform) .hero-desc,,font-size,19px,typography.lead,20px (desktop end of lead),changed,tie between two roles — rounded up; review
line-height,assets/css/base.css,:where(.pg-apply-platform) .hero-desc,,line-height,1.6,font.line-height.relaxed,1.65,changed,
color,assets/css/base.css,:where(.pg-apply-platform) .hero-desc,,color,var(--ink-dim),color.text.secondary,var(--pm-color-text-secondary),same,
spacing,assets/css/base.css,:where(.pg-apply-platform) .hero-desc,,margin-top,20px,space.5,20px,same,
font-size,assets/css/base.css,:where(.pg-apply-platform) .hero-title,(max-width: 860px),font-size,28px,typography.display-md,36px (mobile end of display-md),changed,role by element (h1)
line-height,assets/css/base.css,:where(.pg-apply-platform) .hero-title,(max-width: 860px),line-height,1.18,font.line-height.snug,1.25,changed,
spacing,assets/css/base.css,:where(.pg-apply-platform) .hero-title,(max-width: 860px),margin-top,18px,space.5,20px,changed,18px tie — rounded up
font-size,assets/css/base.css,:where(.pg-apply-platform) .hero-desc,(max-width: 860px),font-size,15px,typography.body,16px (mobile end of body),changed,tie between two roles — rounded up; review
spacing,assets/css/base.css,:where(.pg-apply-platform) .hero-desc,(max-width: 860px),margin-top,14px,space.4,16px,changed,14px tie — rounded up
color,assets/css/base.css,:where(.pg-apply-platform) .stats-wrap,,border,var(--line),color.border.subtle,var(--pm-color-border-subtle),same,
radius,assets/css/base.css,:where(.pg-apply-platform) .stats-wrap,,border-radius,20px,radius.lg,20px,same,
color,assets/css/base.css,:where(.pg-apply-platform) .stats-wrap,,background,var(--bg-card),color.surface.card,var(--pm-color-surface-card),same,
spacing,assets/css/base.css,:where(.pg-apply-platform) .stat,,gap,4px,space.1,4px,same,
spacing,assets/css/base.css,:where(.pg-apply-platform) .stat,,padding,20px 24px,space.5 space.6,20px 24px,same,
color,assets/css/base.css,:where(.pg-apply-platform) .stat,,border-left,var(--line),color.border.subtle,var(--pm-color-border-subtle),same,
font-size,assets/css/base.css,:where(.pg-apply-platform) .stat-value,,font-size,32px,typography.heading-md,32px (desktop end of heading-md),same,
font-weight,assets/css/base.css,:where(.pg-apply-platform) .stat-value,,font-weight,400,font.weight.regular,400,same,
motion,assets/css/base.css,:where(.pg-apply-platform) .stat-value,,transition,5s,"(ambient/looping — keep, add reduced-motion stop)",5s,excluded,
color,assets/css/base.css,:where(.pg-apply-platform) .stat span,,color,var(--ink-faint),color.text.tertiary,var(--pm-color-text-tertiary),changed,
font-size,assets/css/base.css,:where(.pg-apply-platform) .stat span,,font-size,13px,typography.small,14px (desktop end of small),changed,tie between two roles — rounded up; review
radius,assets/css/base.css,:where(.pg-apply-platform) .stats-wrap,(max-width: 860px),border-radius,18px,radius.lg,20px,changed,
spacing,assets/css/base.css,:where(.pg-apply-platform) .stats-wrap,(max-width: 860px),padding,4px 20px,space.1 space.5,4px 20px,same,
spacing,assets/css/base.css,:where(.pg-apply-platform) .stat,(max-width: 860px),padding,18px 0,space.5,20px 0,changed,18px tie — rounded up
color,assets/css/base.css,:where(.pg-apply-platform) .stat,(max-width: 860px),border-bottom,var(--line),color.border.subtle,var(--pm-color-border-subtle),same,
font-size,assets/css/base.css,:where(.pg-apply-platform) .stat-value,(max-width: 860px),font-size,26px,typography.heading-lg,28px (mobile end of heading-lg),changed,tie between two roles — rounded up; review
font-size,assets/css/base.css,:where(.pg-apply-platform) .stat span,(max-width: 860px),font-size,12px,typography.caption,12px (mobile end of caption),same,
font-size,assets/css/base.css,:where(.pg-apply-platform) .visual-title,,font-size,38px,typography.heading-lg,40px (desktop end of heading-lg),changed,
line-height,assets/css/base.css,:where(.pg-apply-platform) .visual-title,,line-height,1.2,font.line-height.snug,1.25,changed,
color,assets/css/base.css,:where(.pg-apply-platform) .visual-desc,,color,var(--ink-dim),color.text.secondary,var(--pm-color-text-secondary),same,
font-size,assets/css/base.css,:where(.pg-apply-platform) .visual-desc,,font-size,16px,typography.body,16px (desktop end of body),same,
line-height,assets/css/base.css,:where(.pg-apply-platform) .visual-desc,,line-height,1.65,font.line-height.relaxed,1.65,same,
spacing,assets/css/base.css,:where(.pg-apply-platform) .visual-desc,,margin-top,20px,space.5,20px,same,
spacing,assets/css/base.css,:where(.pg-apply-platform) .visual-grid,,gap,20px,space.5,20px,same,
spacing,assets/css/base.css,:where(.pg-apply-platform) .visual-grid,,margin-top,40px,space.10,40px,same,
font-size,assets/css/base.css,:where(.pg-apply-platform) .visual-title,(max-width: 860px),font-size,24px,typography.heading-md,24px (mobile end of heading-md),same,
line-height,assets/css/base.css,:where(.pg-apply-platform) .visual-title,(max-width: 860px),line-height,1.25,font.line-height.snug,1.25,same,
font-size,assets/css/base.css,:where(.pg-apply-platform) .visual-desc,(max-width: 860px),font-size,14px,typography.small,14px (mobile end of small),same,
spacing,assets/css/base.css,:where(.pg-apply-platform) .visual-desc,(max-width: 860px),margin-top,14px,space.4,16px,changed,14px tie — rounded up
spacing,assets/css/base.css,:where(.pg-apply-platform) .visual-grid,(max-width: 860px),gap,14px,space.4,16px,changed,14px tie — rounded up
spacing,assets/css/base.css,:where(.pg-apply-platform) .visual-grid,(max-width: 860px),margin-top,24px,space.6,24px,same,
color,assets/css/base.css,:where(.pg-apply-platform) .shot-placeholder,,border,"rgba(255,255,255,.25)",color.border.strong,var(--pm-color-border-strong),changed,
radius,assets/css/base.css,:where(.pg-apply-platform) .shot-placeholder,,border-radius,14px,radius.md,12px,changed,
color,assets/css/base.css,:where(.pg-apply-platform) .shot-placeholder,,background,var(--bg-card),color.surface.card,var(--pm-color-surface-card),same,
spacing,assets/css/base.css,:where(.pg-apply-platform) .shot-placeholder,,gap,10px,space.3,12px,changed,10px tie — rounded up
color,assets/css/base.css,:where(.pg-apply-platform) .shot-placeholder,,color,var(--ink-faint),color.text.tertiary,var(--pm-color-text-tertiary),changed,
spacing,assets/css/base.css,:where(.pg-apply-platform) .shot-placeholder,,padding,24px,space.6,24px,same,
font-size,assets/css/base.css,:where(.pg-apply-platform) .shot-placeholder span,,font-size,12px,typography.caption,12px (desktop end of caption),same,
line-height,assets/css/base.css,:where(.pg-apply-platform) .shot-placeholder span,,line-height,1.5,font.line-height.normal,1.5,same,
spacing,assets/css/base.css,:where(.pg-apply-platform) .shot-placeholder,(max-width: 860px),gap,8px,space.2,8px,same,
spacing,assets/css/base.css,:where(.pg-apply-platform) .shot-placeholder,(max-width: 860px),padding,20px,space.5,20px,same,
font-size,assets/css/base.css,:where(.pg-apply-platform) .shot-placeholder span,(max-width: 860px),font-size,11px,typography.caption,12px (mobile end of caption),changed,raised from 11px (legibility floor 12px)
font-size,assets/css/base.css,:where(.pg-apply-platform) .visual-card h3,,font-size,18px,typography.body-lg,18px (desktop end of body-lg),same,
spacing,assets/css/base.css,:where(.pg-apply-platform) .visual-card h3,,margin-top,18px,space.5,20px,changed,18px tie — rounded up
color,assets/css/base.css,:where(.pg-apply-platform) .visual-card h3,,color,var(--ink),color.text.primary,var(--pm-color-text-primary),same,
color,assets/css/base.css,:where(.pg-apply-platform) .visual-card p,,color,var(--ink-dim),color.text.secondary,var(--pm-color-text-secondary),same,
font-size,assets/css/base.css,:where(.pg-apply-platform) .visual-card p,,font-size,14px,typography.small,14px (desktop end of small),same,
line-height,assets/css/base.css,:where(.pg-apply-platform) .visual-card p,,line-height,1.6,font.line-height.relaxed,1.65,changed,
spacing,assets/css/base.css,:where(.pg-apply-platform) .visual-card p,,margin-top,8px,space.2,8px,same,
font-size,assets/css/base.css,:where(.pg-apply-platform) .visual-card h3,(max-width: 860px),font-size,16px,typography.body,16px (mobile end of body),same,
spacing,assets/css/base.css,:where(.pg-apply-platform) .visual-card h3,(max-width: 860px),margin-top,14px,space.4,16px,changed,14px tie — rounded up
font-size,assets/css/base.css,:where(.pg-apply-platform) .visual-card p,(max-width: 860px),font-size,13px,typography.small,14px (mobile end of small),changed,tie between two roles — rounded up; review
spacing,assets/css/base.css,:where(.pg-apply-platform) .visual-card p,(max-width: 860px),margin-top,6px,space.2,8px,changed,6px tie — rounded up
spacing,assets/css/base.css,:where(.pg-apply-platform) .content-grid,,gap,60px,space.16,64px,changed,60px tie — rounded up
font-size,assets/css/base.css,:where(.pg-apply-platform) .content-grid > h2,,font-size,34px,typography.heading-md,32px (desktop end of heading-md),changed,
font-size,assets/css/base.css,:where(.pg-apply-platform) .content-grid > h2,(max-width: 860px),font-size,24px,typography.heading-md,24px (mobile end of heading-md),same,
spacing,assets/css/base.css,:where(.pg-apply-platform) .content-grid > h2,(max-width: 860px),margin-bottom,14px,space.4,16px,changed,14px tie — rounded up
color,assets/css/base.css,:where(.pg-apply-platform) .copy-block p,,color,var(--ink-dim),color.text.secondary,var(--pm-color-text-secondary),same,
font-size,assets/css/base.css,:where(.pg-apply-platform) .copy-block p,,font-size,17px,typography.body-lg,18px (desktop end of body-lg),changed,tie between two roles — rounded up; review
line-height,assets/css/base.css,:where(.pg-apply-platform) .copy-block p,,line-height,1.7,font.line-height.relaxed,1.65,changed,
spacing,assets/css/base.css,:where(.pg-apply-platform) .copy-block p + p,,margin-top,16px,space.4,16px,same,
font-size,assets/css/base.css,:where(.pg-apply-platform) .copy-block p,(max-width: 860px),font-size,15px,typography.body,16px (mobile end of body),changed,tie between two roles — rounded up; review
spacing,assets/css/base.css,:where(.pg-apply-platform) .step,,gap,24px,space.6,24px,same,
spacing,assets/css/base.css,:where(.pg-apply-platform) .step,,padding-bottom,44px,space.12,48px,changed,44px tie — rounded up
color,assets/css/base.css,:where(.pg-apply-platform) .step-line,,background,var(--line),color.border.subtle,var(--pm-color-border-subtle),same,
radius,assets/css/base.css,:where(.pg-apply-platform) .step-num,,border-radius,50%,radius.full,50% (circle — keep),same,
color,assets/css/base.css,:where(.pg-apply-platform) .step-num,,background,var(--bg-card),color.surface.card,var(--pm-color-surface-card),same,
color,assets/css/base.css,:where(.pg-apply-platform) .step-num,,border,var(--line),color.border.subtle,var(--pm-color-border-subtle),same,
font-size,assets/css/base.css,:where(.pg-apply-platform) .step-num,,font-size,20px,typography.lead,20px (desktop end of lead),same,
motion,assets/css/base.css,:where(.pg-apply-platform) .step-num,,transition,5s,"(ambient/looping — keep, add reduced-motion stop)",5s,excluded,
font-size,assets/css/base.css,:where(.pg-apply-platform) .step h3,,font-size,19px,typography.lead,20px (desktop end of lead),changed,tie between two roles — rounded up; review
color,assets/css/base.css,:where(.pg-apply-platform) .step h3,,color,var(--ink),color.text.primary,var(--pm-color-text-primary),same,
color,assets/css/base.css,:where(.pg-apply-platform) .step p,,color,var(--ink-dim),color.text.secondary,var(--pm-color-text-secondary),same,
font-size,assets/css/base.css,:where(.pg-apply-platform) .step p,,font-size,15px,typography.body,16px (desktop end of body),changed,tie between two roles — rounded up; review
line-height,assets/css/base.css,:where(.pg-apply-platform) .step p,,line-height,1.65,font.line-height.relaxed,1.65,same,
spacing,assets/css/base.css,:where(.pg-apply-platform) .step p,,margin-top,8px,space.2,8px,same,
spacing,assets/css/base.css,:where(.pg-apply-platform) .step,(max-width: 860px),gap,16px,space.4,16px,same,
spacing,assets/css/base.css,:where(.pg-apply-platform) .step,(max-width: 860px),padding-bottom,32px,space.8,32px,same,
font-size,assets/css/base.css,:where(.pg-apply-platform) .step-num,(max-width: 860px),font-size,17px,typography.lead,17px (mobile end of lead),same,
font-size,assets/css/base.css,:where(.pg-apply-platform) .step h3,(max-width: 860px),font-size,16px,typography.body,16px (mobile end of body),same,
font-size,assets/css/base.css,:where(.pg-apply-platform) .step p,(max-width: 860px),font-size,14px,typography.small,14px (mobile end of small),same,
line-height,assets/css/base.css,:where(.pg-apply-platform) .step p,(max-width: 860px),line-height,1.6,font.line-height.relaxed,1.65,changed,
spacing,assets/css/base.css,:where(.pg-apply-platform) .step p,(max-width: 860px),margin-top,6px,space.2,8px,changed,6px tie — rounded up
font-size,assets/css/base.css,:where(.pg-apply-platform) .outcomes-title,,font-size,38px,typography.heading-lg,40px (desktop end of heading-lg),changed,
spacing,assets/css/base.css,:where(.pg-apply-platform) .outcomes-title,,margin-bottom,36px,space.10,40px,changed,36px tie — rounded up
spacing,assets/css/base.css,:where(.pg-apply-platform) .check-row,,gap,16px,space.4,16px,same,
spacing,assets/css/base.css,:where(.pg-apply-platform) .check-row,,padding,18px 0,space.5,20px 0,changed,18px tie — rounded up
color,assets/css/base.css,:where(.pg-apply-platform) .check-row,,border-bottom,var(--line),color.border.subtle,var(--pm-color-border-subtle),same,
font-size,assets/css/base.css,:where(.pg-apply-platform) .check-row p,,font-size,16px,typography.body,16px (desktop end of body),same,
line-height,assets/css/base.css,:where(.pg-apply-platform) .check-row p,,line-height,1.6,font.line-height.relaxed,1.65,changed,
radius,assets/css/base.css,:where(.pg-apply-platform) .check,,border-radius,50%,radius.full,50% (circle — keep),same,
color,assets/css/base.css,:where(.pg-apply-platform) .check,,background,var(--grad),gradient.brand,var(--pm-gradient-brand),same,
color,assets/css/base.css,:where(.pg-apply-platform) .check,,color,#0A0C10,color.text.on-accent,var(--pm-color-text-on-accent),same,
font-size,assets/css/base.css,:where(.pg-apply-platform) .check,,font-size,17px,typography.body-lg,18px (desktop end of body-lg),changed,tie between two roles — rounded up; review
font-weight,assets/css/base.css,:where(.pg-apply-platform) .check,,font-weight,700,font.weight.bold,700,same,
font-size,assets/css/base.css,:where(.pg-apply-platform) .outcomes-title,(max-width: 860px),font-size,26px,typography.heading-lg,28px (mobile end of heading-lg),changed,tie between two roles — rounded up; review
spacing,assets/css/base.css,:where(.pg-apply-platform) .outcomes-title,(max-width: 860px),margin-bottom,20px,space.5,20px,same,
spacing,assets/css/base.css,:where(.pg-apply-platform) .check-row,(max-width: 860px),gap,14px,space.4,16px,changed,14px tie — rounded up
spacing,assets/css/base.css,:where(.pg-apply-platform) .check-row,(max-width: 860px),padding,16px 0,space.4,16px 0,same,
font-size,assets/css/base.css,:where(.pg-apply-platform) .check-row p,(max-width: 860px),font-size,14px,typography.small,14px (mobile end of small),same,
font-size,assets/css/base.css,:where(.pg-apply-platform) .check,(max-width: 860px),font-size,15px,typography.body,16px (mobile end of body),changed,tie between two roles — rounded up; review
line-height,assets/css/base.css,:where(.pg-apply-platform) .quote-card p,,line-height,1.5,font.line-height.normal,1.5,same,
font-size,assets/css/base.css,:where(.pg-apply-platform) .quote-card p,,font-size,19px,typography.lead,20px (desktop end of lead),changed,tie between two roles — rounded up; review
spacing,assets/css/base.css,:where(.pg-apply-platform) .quote-card,(min-width: 861px),padding,36px,space.10,40px,changed,36px tie — rounded up
font-size,assets/css/base.css,:where(.pg-apply-platform) .quote-card p,(min-width: 861px),font-size,24px,typography.heading-sm,24px (desktop end of heading-sm),same,
color,assets/css/base.css,:where(.pg-apply-platform) .testimonial-card,,border-color,"rgba(255,106,76,.35)",color.border.accent,var(--pm-color-border-accent),same,
font-size,assets/css/base.css,:where(.pg-apply-platform) .testimonial-card p:first-child,,font-size,14px,typography.small,14px (desktop end of small),same,
line-height,assets/css/base.css,:where(.pg-apply-platform) .testimonial-card p:first-child,,line-height,1.65,font.line-height.relaxed,1.65,same,
color,assets/css/base.css,:where(.pg-apply-platform) .testimonial-card p:first-child,,color,var(--ink-dim),color.text.secondary,var(--pm-color-text-secondary),same,
spacing,assets/css/base.css,:where(.pg-apply-platform) .testimonial-card p:last-child,,margin-top,12px,space.3,12px,same,
font-size,assets/css/base.css,:where(.pg-apply-platform) .testimonial-card p:last-child,,font-size,12px,typography.caption,12px (desktop end of caption),same,
color,assets/css/base.css,:where(.pg-apply-platform) .testimonial-card p:last-child,,color,var(--ink-faint),color.text.tertiary,var(--pm-color-text-tertiary),changed,
spacing,assets/css/base.css,:where(.pg-apply-platform) .testimonial-card,(min-width: 861px),padding,32px,space.8,32px,same,
font-size,assets/css/base.css,:where(.pg-apply-platform) .testimonial-card p:first-child,(min-width: 861px),font-size,16px,typography.body,16px (desktop end of body),same,
spacing,assets/css/base.css,:where(.pg-apply-platform) .testimonial-card p:last-child,(min-width: 861px),margin-top,16px,space.4,16px,same,
font-size,assets/css/base.css,:where(.pg-apply-platform) .testimonial-card p:last-child,(min-width: 861px),font-size,13px,typography.small,14px (desktop end of small),changed,tie between two roles — rounded up; review
font-size,assets/css/base.css,:where(.pg-apply-platform) .cta-heading,,font-size,34px,typography.heading-md,32px (desktop end of heading-md),changed,
spacing,assets/css/base.css,:where(.pg-apply-platform) .cta-heading,,margin,0 auto 32px,space.8,0 auto 32px,same,
line-height,assets/css/base.css,:where(.pg-apply-platform) .cta-heading,,line-height,1.3,font.line-height.snug,1.25,changed,
spacing,assets/css/base.css,:where(.pg-apply-platform) .cta-actions,,gap,48px,space.12,48px,same,
font-size,assets/css/base.css,:where(.pg-apply-platform) .cta-heading,(max-width: 860px),font-size,24px,typography.heading-md,24px (mobile end of heading-md),same,
spacing,assets/css/base.css,:where(.pg-apply-platform) .cta-heading,(max-width: 860px),margin-bottom,22px,space.6,24px,changed,22px tie — rounded up
spacing,assets/css/base.css,:where(.pg-apply-platform) .cta-actions,(max-width: 860px),gap,36px,space.10,40px,changed,36px tie — rounded up
spacing,assets/css/base.css,:where(.pg-apply-platform) .site-footer .wrap,,gap,6px,space.2,8px,changed,6px tie — rounded up
color,assets/css/base.css,:where(.pg-apply-platform) .site-footer .wrap,,color,var(--ink-faint),color.text.tertiary,var(--pm-color-text-tertiary),changed,
font-size,assets/css/base.css,:where(.pg-apply-platform) .site-footer .wrap,,font-size,12px,typography.caption,12px (desktop end of caption),same,
spacing,assets/css/base.css,:where(.pg-apply-platform) .site-footer .wrap,,padding,24px 0,space.6,24px 0,same,
spacing,assets/css/base.css,:where(.pg-apply-platform) .site-footer .wrap,(min-width: 861px),gap,12px,space.3,12px,same,
spacing,assets/css/base.css,:where(.pg-apply-platform) .site-footer .wrap,(min-width: 861px),padding,32px 0,space.8,32px 0,same,
spacing,assets/css/base.css,:where(.pg-apply-platform) .cs-top-nav,,padding-top,14px,space.4,16px,changed,14px tie — rounded up
spacing,assets/css/base.css,:where(.pg-apply-platform) .cs-top-nav,(max-width: 860px),padding-top,10px,space.3,12px,changed,10px tie — rounded up
spacing,assets/css/base.css,:where(.pg-case-studies) .nav-links,,gap,36px,space.10,40px,changed,36px tie — rounded up
font-size,assets/css/base.css,:where(.pg-case-studies) .badge-label,,font-size,11px,typography.caption,12px (desktop end of caption),changed,raised from 11px (legibility floor 12px)
letter-spacing,assets/css/base.css,:where(.pg-case-studies) .badge-label,,letter-spacing,.05em,font.tracking.caps,0.05em,same,
font-size,assets/css/base.css,:where(.pg-case-studies) .badge-label,(max-width: 860px),font-size,9px,typography.caption,12px (mobile end of caption),changed,raised from 9px (legibility floor 12px)
letter-spacing,assets/css/base.css,:where(.pg-case-studies) .badge-label,(max-width: 860px),letter-spacing,.04em,font.tracking.caps,0.05em,changed,
font-size,assets/css/base.css,:where(.pg-case-studies) .hero h1,,font-size,56px,typography.display-md,60px (desktop end of display-md),changed,role by element (h1)
line-height,assets/css/base.css,:where(.pg-case-studies) .hero h1,,line-height,1.08,font.line-height.tight,1.1,changed,
spacing,assets/css/base.css,:where(.pg-case-studies) .hero h1,,margin-top,20px,space.5,20px,same,
font-size,assets/css/base.css,:where(.pg-case-studies) .hero-sub,,font-size,17px,typography.body-lg,18px (desktop end of body-lg),changed,tie between two roles — rounded up; review
line-height,assets/css/base.css,:where(.pg-case-studies) .hero-sub,,line-height,1.6,font.line-height.relaxed,1.65,changed,
color,assets/css/base.css,:where(.pg-case-studies) .hero-sub,,color,var(--ink-dim),color.text.secondary,var(--pm-color-text-secondary),same,
spacing,assets/css/base.css,:where(.pg-case-studies) .hero-sub,,margin-top,16px,space.4,16px,same,
font-size,assets/css/base.css,:where(.pg-case-studies) .hero h1,(max-width: 860px),font-size,34px,typography.display-md,36px (mobile end of display-md),changed,role by element (h1)
line-height,assets/css/base.css,:where(.pg-case-studies) .hero h1,(max-width: 860px),line-height,1.1,font.line-height.tight,1.1,same,
spacing,assets/css/base.css,:where(.pg-case-studies) .hero h1,(max-width: 860px),margin-top,14px,space.4,16px,changed,14px tie — rounded up
font-size,assets/css/base.css,:where(.pg-case-studies) .hero-sub,(max-width: 860px),font-size,17px,typography.lead,17px (mobile end of lead),same,
spacing,assets/css/base.css,:where(.pg-case-studies) .hero-sub,(max-width: 860px),margin-top,12px,space.3,12px,same,
spacing,assets/css/base.css,:where(.pg-case-studies) .cs-count-row,,margin-bottom,4px,space.1,4px,same,
spacing,assets/css/base.css,:where(.pg-case-studies) .cs-count-row,,gap,8px,space.2,8px,same,
font-size,assets/css/base.css,:where(.pg-case-studies) .cs-count-label,,font-size,12px,typography.caption,12px (desktop end of caption),same,
letter-spacing,assets/css/base.css,:where(.pg-case-studies) .cs-count-label,,letter-spacing,.06em,font.tracking.caps,0.05em,changed,
color,assets/css/base.css,:where(.pg-case-studies) .cs-count-label,,color,var(--ink-faint),color.text.tertiary,var(--pm-color-text-tertiary),changed,
font-size,assets/css/base.css,:where(.pg-case-studies) .cs-count-label,(max-width: 860px),font-size,10px,typography.caption,12px (mobile end of caption),changed,raised from 10px (legibility floor 12px)
letter-spacing,assets/css/base.css,:where(.pg-case-studies) .cs-count-label,(max-width: 860px),letter-spacing,.05em,font.tracking.caps,0.05em,same,
spacing,assets/css/base.css,:where(.pg-case-studies) .cs-grid,,gap,20px,space.5,20px,same,
spacing,assets/css/base.css,:where(.pg-case-studies) .cs-grid,,margin-top,12px,space.3,12px,same,
spacing,assets/css/base.css,:where(.pg-case-studies) .cs-grid,(min-width: 641px),gap,24px,space.6,24px,same,
spacing,assets/css/base.css,:where(.pg-case-studies) .cs-grid,(min-width: 1024px),gap,28px,space.8,32px,changed,28px tie — rounded up
color,assets/css/base.css,:where(.pg-case-studies) .cs-card,,background-color,var(--bg-card),color.surface.card,var(--pm-color-surface-card),same,
color,assets/css/base.css,:where(.pg-case-studies) .cs-card,,border,var(--line),color.border.subtle,var(--pm-color-border-subtle),same,
radius,assets/css/base.css,:where(.pg-case-studies) .cs-card,,border-radius,20px,radius.lg,20px,same,
spacing,assets/css/base.css,:where(.pg-case-studies) .cs-card,,padding,24px,space.6,24px,same,
spacing,assets/css/base.css,:where(.pg-case-studies) .cs-card,,gap,12px,space.3,12px,same,
motion,assets/css/base.css,:where(.pg-case-studies) .cs-card,,transition,.35s,duration.base,300ms,changed,
motion,assets/css/base.css,:where(.pg-case-studies) .cs-card,,transition,.35s,duration.base,300ms,changed,
motion,assets/css/base.css,:where(.pg-case-studies) .cs-card,,transition,.3s,duration.base,300ms,same,
color,assets/css/base.css,:where(.pg-case-studies) .cs-card:hover,,background-image,"rgba(255, 106, 76, .12)",color.accent.primary-subtle,var(--pm-color-accent-primary-subtle),same,
color,assets/css/base.css,:where(.pg-case-studies) .cs-card:hover,,background-image,"rgba(255, 156, 91, .08)",color.accent.primary-subtle,var(--pm-color-accent-primary-subtle),changed,
color,assets/css/base.css,:where(.pg-case-studies) .cs-card:hover,,background-image,"rgba(69, 224, 255, .10)",color.accent.secondary-subtle,var(--pm-color-accent-secondary-subtle),changed,
color,assets/css/base.css,:where(.pg-case-studies) .cs-card:hover,,border-color,"rgba(255, 255, 255, .22)",color.border.strong,var(--pm-color-border-strong),changed,
radius,assets/css/base.css,:where(.pg-case-studies) .cs-card,(max-width: 860px),border-radius,18px,radius.lg,20px,changed,
spacing,assets/css/base.css,:where(.pg-case-studies) .cs-card,(max-width: 860px),padding,18px,space.5,20px,changed,18px tie — rounded up
spacing,assets/css/base.css,:where(.pg-case-studies) .cs-card,(max-width: 860px),gap,10px,space.3,12px,changed,10px tie — rounded up
spacing,assets/css/base.css,:where(.pg-case-studies) .cs-desc,,gap,6px,space.2,8px,changed,6px tie — rounded up
spacing,assets/css/base.css,:where(.pg-case-studies) .cs-card-btn,,padding,10px 18px,space.3 space.5,12px 20px,changed,10px tie — rounded up; 18px tie — rounded up
font-size,assets/css/base.css,:where(.pg-case-studies) .cs-card-btn,,font-size,13px,typography.small,14px (desktop end of small),changed,tie between two roles — rounded up; review
spacing,assets/css/base.css,:where(.pg-case-studies) .cs-card-btn,(max-width: 860px),padding,9px 16px,space.2 space.4,8px 16px,changed,
font-size,assets/css/base.css,:where(.pg-case-studies) .cs-card-btn,(max-width: 860px),font-size,12px,typography.caption,12px (mobile end of caption),same,
radius,assets/css/base.css,:where(.pg-case-studies) .cs-thumb,,border-radius,14px,radius.md,12px,changed,
color,assets/css/base.css,:where(.pg-case-studies) .cs-thumb,,border,var(--line),color.border.subtle,var(--pm-color-border-subtle),same,
motion,assets/css/base.css,:where(.pg-case-studies) .cs-thumb,,transition,.35s,duration.base,300ms,changed,
color,assets/css/base.css,:where(.pg-case-studies) .cs-card:hover .cs-thumb,,border-color,"rgba(255, 255, 255, .22)",color.border.strong,var(--pm-color-border-strong),changed,
motion,assets/css/base.css,:where(.pg-case-studies) .cs-thumb img,,transition,.4s,duration.base,300ms,changed,
radius,assets/css/base.css,:where(.pg-case-studies) .cs-thumb-link,,border-radius,14px,radius.md,12px,changed,
color,assets/css/base.css,:where(.pg-case-studies) .cs-thumb-link:focus-visible,,outline,var(--cyan),color.accent.secondary,var(--pm-color-accent-secondary),same,
spacing,assets/css/base.css,:where(.pg-case-studies) .cs-meta,,gap,10px 14px,space.3 space.4,12px 16px,changed,10px tie — rounded up; 14px tie — rounded up
spacing,assets/css/base.css,:where(.pg-case-studies) .cs-meta,,margin-top,8px,space.2,8px,same,
font-size,assets/css/base.css,:where(.pg-case-studies) .cs-date,,font-size,12px,typography.caption,12px (desktop end of caption),same,
letter-spacing,assets/css/base.css,:where(.pg-case-studies) .cs-date,,letter-spacing,.04em,font.tracking.caps,0.05em,changed,
color,assets/css/base.css,:where(.pg-case-studies) .cs-date,,color,var(--ink-faint),color.text.tertiary,var(--pm-color-text-tertiary),changed,
font-size,assets/css/base.css,:where(.pg-case-studies) .cs-date,(max-width: 860px),font-size,11px,typography.caption,12px (mobile end of caption),changed,raised from 11px (legibility floor 12px)
spacing,assets/css/base.css,:where(.pg-case-studies) .cs-logo,,margin-top,8px,space.2,8px,same,
font-size,assets/css/base.css,:where(.pg-case-studies) .cs-card h3,,font-size,19px,typography.lead,20px (desktop end of lead),changed,tie between two roles — rounded up; review
line-height,assets/css/base.css,:where(.pg-case-studies) .cs-card h3,,line-height,1.25,font.line-height.snug,1.25,same,
color,assets/css/base.css,:where(.pg-case-studies) .cs-card p,,color,var(--ink-dim),color.text.secondary,var(--pm-color-text-secondary),same,
font-size,assets/css/base.css,:where(.pg-case-studies) .cs-card p,,font-size,13px,typography.small,14px (desktop end of small),changed,tie between two roles — rounded up; review
line-height,assets/css/base.css,:where(.pg-case-studies) .cs-card p,,line-height,1.6,font.line-height.relaxed,1.65,changed,
font-size,assets/css/base.css,:where(.pg-case-studies) .cs-card h3,(max-width: 860px),font-size,16px,typography.body,16px (mobile end of body),same,
font-size,assets/css/base.css,:where(.pg-case-studies) .cs-card p,(max-width: 860px),font-size,14px,typography.small,14px (mobile end of small),same,
spacing,assets/css/base.css,:where(.pg-case-studies) .cs-tags,,gap,8px,space.2,8px,same,
spacing,assets/css/base.css,:where(.pg-case-studies) .cs-tags,(max-width: 860px),gap,6px,space.2,8px,changed,6px tie — rounded up
spacing,assets/css/base.css,:where(.pg-case-studies) .cs-tag,,gap,6px,space.2,8px,changed,6px tie — rounded up
spacing,assets/css/base.css,:where(.pg-case-studies) .cs-tag,,padding,4px 10px,space.1 space.3,4px 12px,changed,10px tie — rounded up
radius,assets/css/base.css,:where(.pg-case-studies) .cs-tag,,border-radius,999px,radius.full,9999px,changed,
color,assets/css/base.css,:where(.pg-case-studies) .cs-tag,,background,"rgba(255, 255, 255, .06)",color.surface.tint-strong,var(--pm-color-surface-tint-strong),same,
color,assets/css/base.css,:where(.pg-case-studies) .cs-tag,,border,var(--line),color.border.subtle,var(--pm-color-border-subtle),same,
font-size,assets/css/base.css,:where(.pg-case-studies) .cs-tag,,font-size,11px,typography.caption,12px (desktop end of caption),changed,raised from 11px (legibility floor 12px)
letter-spacing,assets/css/base.css,:where(.pg-case-studies) .cs-tag,,letter-spacing,.03em,font.tracking.caps,0.05em,changed,
color,assets/css/base.css,:where(.pg-case-studies) .cs-tag,,color,var(--ink-faint),color.text.tertiary,var(--pm-color-text-tertiary),changed,
font-size,assets/css/base.css,:where(.pg-case-studies) .cs-tag,(max-width: 860px),font-size,10px,typography.caption,12px (mobile end of caption),changed,raised from 10px (legibility floor 12px)
spacing,assets/css/base.css,:where(.pg-case-studies) .cs-tag,(max-width: 860px),padding,4px 9px,space.1 space.2,4px 8px,changed,
color,assets/css/base.css,:where(.pg-case-studies) .cs-tag .dot,,background,#4ADE80,color.status.success,var(--pm-color-status-success),same,
shadow,assets/css/base.css,:where(.pg-case-studies) .cs-tag .dot,,box-shadow,0 0 8px 1px #4ADE80,shadow.glow-success,var(--pm-shadow-glow-success),changed,
color,assets/css/base.css,:where(.pg-case-studies) .cs-tag .dot,,box-shadow,#4ADE80,color.status.success,var(--pm-color-status-success),same,
color,assets/css/base.css,:where(.pg-case-studies) .cs-card.is-restricted .cs-tag .dot,,background,var(--coral),color.accent.primary,var(--pm-color-accent-primary),same,
shadow,assets/css/base.css,:where(.pg-case-studies) .cs-card.is-restricted .cs-tag .dot,,box-shadow,0 0 8px 1px var(--coral),(component-specific — keep; swap colors for tokens),0 0 8px 1px var(--coral),excluded,
color,assets/css/base.css,:where(.pg-case-studies) .shot-placeholder,,border,"rgba(255, 255, 255, .25)",color.border.strong,var(--pm-color-border-strong),changed,
radius,assets/css/base.css,:where(.pg-case-studies) .shot-placeholder,,border-radius,14px,radius.md,12px,changed,
color,assets/css/base.css,:where(.pg-case-studies) .shot-placeholder,,background,var(--bg-panel),color.surface.raised,var(--pm-color-surface-raised),same,
spacing,assets/css/base.css,:where(.pg-case-studies) .shot-placeholder,,gap,8px,space.2,8px,same,
color,assets/css/base.css,:where(.pg-case-studies) .shot-placeholder,,color,var(--ink-faint),color.text.tertiary,var(--pm-color-text-tertiary),changed,
spacing,assets/css/base.css,:where(.pg-case-studies) .shot-placeholder,,padding,18px,space.5,20px,changed,18px tie — rounded up
font-size,assets/css/base.css,:where(.pg-case-studies) .shot-placeholder span,,font-size,11px,typography.caption,12px (desktop end of caption),changed,raised from 11px (legibility floor 12px)
line-height,assets/css/base.css,:where(.pg-case-studies) .shot-placeholder span,,line-height,1.5,font.line-height.normal,1.5,same,
radius,assets/css/base.css,:where(.pg-case-studies) .shot-placeholder,(max-width: 860px),border-radius,12px,radius.md,12px,same,
spacing,assets/css/base.css,:where(.pg-case-studies) .shot-placeholder,(max-width: 860px),padding,14px,space.4,16px,changed,14px tie — rounded up
spacing,assets/css/base.css,:where(.pg-case-studies) .shot-placeholder,(max-width: 860px),gap,6px,space.2,8px,changed,6px tie — rounded up
font-size,assets/css/base.css,:where(.pg-case-studies) .shot-placeholder span,(max-width: 860px),font-size,10px,typography.caption,12px (mobile end of caption),changed,raised from 10px (legibility floor 12px)
line-height,assets/css/base.css,:where(.pg-case-studies) .shot-placeholder span,(max-width: 860px),line-height,1.4,font.line-height.normal,1.5,changed,
spacing,assets/css/base.css,:where(.pg-case-studies) .site-footer .wrap,,gap,6px,space.2,8px,changed,6px tie — rounded up
color,assets/css/base.css,:where(.pg-case-studies) .site-footer .wrap,,color,var(--ink-faint),color.text.tertiary,var(--pm-color-text-tertiary),changed,
font-size,assets/css/base.css,:where(.pg-case-studies) .site-footer .wrap,,font-size,12px,typography.caption,12px (desktop end of caption),same,
spacing,assets/css/base.css,:where(.pg-case-studies) .site-footer .wrap,,padding-top,24px,space.6,24px,same,
spacing,assets/css/base.css,:where(.pg-case-studies) .site-footer .wrap,,padding-bottom,24px,space.6,24px,same,
spacing,assets/css/base.css,:where(.pg-case-studies) .site-footer .wrap,(min-width: 861px),gap,12px,space.3,12px,same,
spacing,assets/css/base.css,:where(.pg-case-studies) .site-footer .wrap,(min-width: 861px),padding-top,32px,space.8,32px,same,
spacing,assets/css/base.css,:where(.pg-case-studies) .site-footer .wrap,(min-width: 861px),padding-bottom,32px,space.8,32px,same,
spacing,assets/css/base.css,:where(.pg-crew-ops-platform) .nav-links,,gap,36px,space.10,40px,changed,36px tie — rounded up
font-size,assets/css/base.css,:where(.pg-crew-ops-platform) .badge-label,,font-size,11px,typography.caption,12px (desktop end of caption),changed,raised from 11px (legibility floor 12px)
letter-spacing,assets/css/base.css,:where(.pg-crew-ops-platform) .badge-label,,letter-spacing,.05em,font.tracking.caps,0.05em,same,
font-size,assets/css/base.css,:where(.pg-crew-ops-platform) .badge-label,(max-width: 860px),font-size,9px,typography.caption,12px (mobile end of caption),changed,raised from 9px (legibility floor 12px)
letter-spacing,assets/css/base.css,:where(.pg-crew-ops-platform) .badge-label,(max-width: 860px),letter-spacing,.04em,font.tracking.caps,0.05em,changed,
color,assets/css/base.css,:where(.pg-crew-ops-platform) .gate-overlay,,background,"rgba(10,12,16,.97)",color.surface.scrim-strong,var(--pm-color-surface-scrim-strong),same,
spacing,assets/css/base.css,:where(.pg-crew-ops-platform) .gate-overlay,,padding,24px,space.6,24px,same,
color,assets/css/base.css,:where(.pg-crew-ops-platform) .gate-card,,background,var(--bg-card),color.surface.card,var(--pm-color-surface-card),same,
color,assets/css/base.css,:where(.pg-crew-ops-platform) .gate-card,,border,var(--line),color.border.subtle,var(--pm-color-border-subtle),same,
radius,assets/css/base.css,:where(.pg-crew-ops-platform) .gate-card,,border-radius,24px,radius.lg,20px,changed,
spacing,assets/css/base.css,:where(.pg-crew-ops-platform) .gate-card,,padding,40px,space.10,40px,same,
radius,assets/css/base.css,:where(.pg-crew-ops-platform) .gate-lock,,border-radius,50%,radius.full,50% (circle — keep),same,
color,assets/css/base.css,:where(.pg-crew-ops-platform) .gate-lock,,background,"rgba(255,106,76,.12)",color.accent.primary-subtle,var(--pm-color-accent-primary-subtle),same,
color,assets/css/base.css,:where(.pg-crew-ops-platform) .gate-lock,,border,"rgba(255,106,76,.3)",color.border.accent,var(--pm-color-border-accent),changed,
spacing,assets/css/base.css,:where(.pg-crew-ops-platform) .gate-lock,,margin,0 auto 20px,space.5,0 auto 20px,same,
spacing,assets/css/base.css,:where(.pg-crew-ops-platform) .gate-input,,padding,14px 16px,space.4 space.4,16px 16px,changed,14px tie — rounded up
radius,assets/css/base.css,:where(.pg-crew-ops-platform) .gate-input,,border-radius,10px,radius.md,12px,changed,
color,assets/css/base.css,:where(.pg-crew-ops-platform) .gate-input,,border,var(--line),color.border.subtle,var(--pm-color-border-subtle),same,
color,assets/css/base.css,:where(.pg-crew-ops-platform) .gate-input,,background,var(--bg-panel),color.surface.raised,var(--pm-color-surface-raised),same,
color,assets/css/base.css,:where(.pg-crew-ops-platform) .gate-input,,color,var(--ink),color.text.primary,var(--pm-color-text-primary),same,
font-size,assets/css/base.css,:where(.pg-crew-ops-platform) .gate-input,,font-size,15px,typography.body,16px (desktop end of body),changed,tie between two roles — rounded up; review
spacing,assets/css/base.css,:where(.pg-crew-ops-platform) .gate-input,,margin-top,20px,space.5,20px,same,
color,assets/css/base.css,:where(.pg-crew-ops-platform) .gate-input:focus,,border-color,var(--cyan),color.accent.secondary,var(--pm-color-accent-secondary),same,
color,assets/css/base.css,:where(.pg-crew-ops-platform) .gate-error,,color,var(--coral),color.accent.primary,var(--pm-color-accent-primary),same,
font-size,assets/css/base.css,:where(.pg-crew-ops-platform) .gate-error,,font-size,13px,typography.small,14px (desktop end of small),changed,tie between two roles — rounded up; review
spacing,assets/css/base.css,:where(.pg-crew-ops-platform) .gate-error,,margin-top,10px,space.3,12px,changed,10px tie — rounded up
spacing,assets/css/base.css,:where(.pg-crew-ops-platform) .gate-submit,,margin-top,14px,space.4,16px,changed,14px tie — rounded up
radius,assets/css/base.css,:where(.pg-crew-ops-platform) .gate-close,,border-radius,50%,radius.full,50% (circle — keep),same,
color,assets/css/base.css,:where(.pg-crew-ops-platform) .gate-close,,background,var(--bg-card),color.surface.card,var(--pm-color-surface-card),same,
color,assets/css/base.css,:where(.pg-crew-ops-platform) .gate-close,,border,var(--line),color.border.subtle,var(--pm-color-border-subtle),same,
color,assets/css/base.css,:where(.pg-crew-ops-platform) .gate-close,,color,var(--ink),color.text.primary,var(--pm-color-text-primary),same,
font-size,assets/css/base.css,:where(.pg-crew-ops-platform) .gate-close,,font-size,18px,typography.body-lg,18px (desktop end of body-lg),same,
line-height,assets/css/base.css,:where(.pg-crew-ops-platform) .gate-close,,line-height,1,font.line-height.none,1,same,
color,assets/css/base.css,:where(.pg-crew-ops-platform) .gate-close:hover,,border-color,var(--cyan),color.accent.secondary,var(--pm-color-accent-secondary),same,
color,assets/css/base.css,:where(.pg-crew-ops-platform) .gate-close:hover,,color,var(--cyan),color.accent.secondary,var(--pm-color-accent-secondary),same,
radius,assets/css/base.css,:where(.pg-crew-ops-platform) .shot-img,,border-radius,14px,radius.md,12px,changed,
color,assets/css/base.css,:where(.pg-crew-ops-platform) .shot-img,,border,var(--line),color.border.subtle,var(--pm-color-border-subtle),same,
motion,assets/css/base.css,:where(.pg-crew-ops-platform) .shot-img,,transition,.2s,duration.fast,200ms,same,
color,assets/css/base.css,":where(.pg-crew-ops-platform) .shot-btn:hover .shot-img, :where(.pg-crew-ops-platform) .shot-btn:focus-visible .shot-img",,border-color,var(--cyan),color.accent.secondary,var(--pm-color-accent-secondary),same,
color,assets/css/base.css,:where(.pg-crew-ops-platform) .modal-overlay,,background,"rgba(10,12,16,.97)",color.surface.scrim-strong,var(--pm-color-surface-scrim-strong),same,
spacing,assets/css/base.css,:where(.pg-crew-ops-platform) .modal-overlay,,padding,32px,space.8,32px,same,
radius,assets/css/base.css,:where(.pg-crew-ops-platform) .modal-img,,border-radius,14px,radius.md,12px,changed,
radius,assets/css/base.css,:where(.pg-crew-ops-platform) .modal-close,,border-radius,50%,radius.full,50% (circle — keep),same,
color,assets/css/base.css,:where(.pg-crew-ops-platform) .modal-close,,background,var(--bg-card),color.surface.card,var(--pm-color-surface-card),same,
color,assets/css/base.css,:where(.pg-crew-ops-platform) .modal-close,,border,var(--line),color.border.subtle,var(--pm-color-border-subtle),same,
color,assets/css/base.css,:where(.pg-crew-ops-platform) .modal-close,,color,var(--ink),color.text.primary,var(--pm-color-text-primary),same,
font-size,assets/css/base.css,:where(.pg-crew-ops-platform) .modal-close,,font-size,18px,typography.body-lg,18px (desktop end of body-lg),same,
line-height,assets/css/base.css,:where(.pg-crew-ops-platform) .modal-close,,line-height,1,font.line-height.none,1,same,
color,assets/css/base.css,:where(.pg-crew-ops-platform) .modal-close:hover,,border-color,var(--cyan),color.accent.secondary,var(--pm-color-accent-secondary),same,
color,assets/css/base.css,:where(.pg-crew-ops-platform) .modal-close:hover,,color,var(--cyan),color.accent.secondary,var(--pm-color-accent-secondary),same,
spacing,assets/css/base.css,:where(.pg-crew-ops-platform) .cs-hero,,padding-top,48px,space.12,48px,same,
spacing,assets/css/base.css,:where(.pg-crew-ops-platform) .cs-hero,,padding-bottom,60px,space.16,64px,changed,60px tie — rounded up
font-size,assets/css/base.css,:where(.pg-crew-ops-platform) .cs-hero h1,,font-size,56px,typography.display-md,60px (desktop end of display-md),changed,role by element (h1)
line-height,assets/css/base.css,:where(.pg-crew-ops-platform) .cs-hero h1,,line-height,1.1,font.line-height.tight,1.1,same,
spacing,assets/css/base.css,:where(.pg-crew-ops-platform) .cs-hero h1,,margin-top,24px,space.6,24px,same,
font-size,assets/css/base.css,:where(.pg-crew-ops-platform) .cs-hero-sub,,font-size,19px,typography.lead,20px (desktop end of lead),changed,tie between two roles — rounded up; review
line-height,assets/css/base.css,:where(.pg-crew-ops-platform) .cs-hero-sub,,line-height,1.6,font.line-height.relaxed,1.65,changed,
color,assets/css/base.css,:where(.pg-crew-ops-platform) .cs-hero-sub,,color,var(--ink-dim),color.text.secondary,var(--pm-color-text-secondary),same,
spacing,assets/css/base.css,:where(.pg-crew-ops-platform) .cs-hero-sub,,margin-top,20px,space.5,20px,same,
spacing,assets/css/base.css,:where(.pg-crew-ops-platform) .cs-hero,(max-width: 860px),padding-top,24px,space.6,24px,same,
spacing,assets/css/base.css,:where(.pg-crew-ops-platform) .cs-hero,(max-width: 860px),padding-bottom,36px,space.10,40px,changed,36px tie — rounded up
font-size,assets/css/base.css,:where(.pg-crew-ops-platform) .cs-hero h1,(max-width: 860px),font-size,34px,typography.display-md,36px (mobile end of display-md),changed,role by element (h1)
line-height,assets/css/base.css,:where(.pg-crew-ops-platform) .cs-hero h1,(max-width: 860px),line-height,1.15,font.line-height.tight,1.1,changed,
spacing,assets/css/base.css,:where(.pg-crew-ops-platform) .cs-hero h1,(max-width: 860px),margin-top,18px,space.5,20px,changed,18px tie — rounded up
font-size,assets/css/base.css,:where(.pg-crew-ops-platform) .cs-hero-sub,(max-width: 860px),font-size,17px,typography.lead,17px (mobile end of lead),same,
spacing,assets/css/base.css,:where(.pg-crew-ops-platform) .cs-hero-sub,(max-width: 860px),margin-top,14px,space.4,16px,changed,14px tie — rounded up
font-size,assets/css/base.css,:where(.pg-crew-ops-platform) .cs-h2-lg,,font-size,38px,typography.heading-lg,40px (desktop end of heading-lg),changed,
font-size,assets/css/base.css,:where(.pg-crew-ops-platform) .cs-h2-lg,(max-width: 860px),font-size,26px,typography.heading-lg,28px (mobile end of heading-lg),changed,tie between two roles — rounded up; review
font-size,assets/css/base.css,:where(.pg-crew-ops-platform) .cs-h2-md,,font-size,34px,typography.heading-md,32px (desktop end of heading-md),changed,
font-size,assets/css/base.css,:where(.pg-crew-ops-platform) .cs-h2-md,(max-width: 860px),font-size,24px,typography.heading-md,24px (mobile end of heading-md),same,
spacing,assets/css/base.css,:where(.pg-crew-ops-platform) .cs-shots,,padding-top,20px,space.5,20px,same,
spacing,assets/css/base.css,:where(.pg-crew-ops-platform) .cs-shots,,padding-bottom,100px,space.24,96px,changed,
color,assets/css/base.css,:where(.pg-crew-ops-platform) .cs-shots > p,,color,var(--ink-dim),color.text.secondary,var(--pm-color-text-secondary),same,
font-size,assets/css/base.css,:where(.pg-crew-ops-platform) .cs-shots > p,,font-size,16px,typography.body,16px (desktop end of body),same,
line-height,assets/css/base.css,:where(.pg-crew-ops-platform) .cs-shots > p,,line-height,1.65,font.line-height.relaxed,1.65,same,
spacing,assets/css/base.css,:where(.pg-crew-ops-platform) .cs-shots > p,,margin-top,20px,space.5,20px,same,
spacing,assets/css/base.css,:where(.pg-crew-ops-platform) .cs-shots-grid,,gap,20px,space.5,20px,same,
spacing,assets/css/base.css,:where(.pg-crew-ops-platform) .cs-shots-grid,,margin-top,40px,space.10,40px,same,
font-size,assets/css/base.css,:where(.pg-crew-ops-platform) .cs-shots-grid h3,,font-size,18px,typography.body-lg,18px (desktop end of body-lg),same,
spacing,assets/css/base.css,:where(.pg-crew-ops-platform) .cs-shots-grid h3,,margin-top,18px,space.5,20px,changed,18px tie — rounded up
color,assets/css/base.css,:where(.pg-crew-ops-platform) .cs-shots-grid h3,,color,var(--ink),color.text.primary,var(--pm-color-text-primary),same,
color,assets/css/base.css,:where(.pg-crew-ops-platform) .cs-shots-grid p,,color,var(--ink-dim),color.text.secondary,var(--pm-color-text-secondary),same,
font-size,assets/css/base.css,:where(.pg-crew-ops-platform) .cs-shots-grid p,,font-size,14px,typography.small,14px (desktop end of small),same,
line-height,assets/css/base.css,:where(.pg-crew-ops-platform) .cs-shots-grid p,,line-height,1.6,font.line-height.relaxed,1.65,changed,
spacing,assets/css/base.css,:where(.pg-crew-ops-platform) .cs-shots-grid p,,margin-top,8px,space.2,8px,same,
spacing,assets/css/base.css,:where(.pg-crew-ops-platform) .cs-shots,(max-width: 860px),padding-bottom,56px,space.14,56px,same,
spacing,assets/css/base.css,:where(.pg-crew-ops-platform) .cs-shots-grid,(max-width: 860px),gap,16px,space.4,16px,same,
spacing,assets/css/base.css,:where(.pg-crew-ops-platform) .cs-shots-grid,(max-width: 860px),margin-top,24px,space.6,24px,same,
spacing,assets/css/base.css,:where(.pg-crew-ops-platform) .cs-split,,padding-bottom,100px,space.24,96px,changed,
spacing,assets/css/base.css,:where(.pg-crew-ops-platform) .cs-split,,gap,60px,space.16,64px,changed,60px tie — rounded up
color,assets/css/base.css,:where(.pg-crew-ops-platform) .cs-split > p,,color,var(--ink-dim),color.text.secondary,var(--pm-color-text-secondary),same,
font-size,assets/css/base.css,:where(.pg-crew-ops-platform) .cs-split > p,,font-size,17px,typography.body-lg,18px (desktop end of body-lg),changed,tie between two roles — rounded up; review
line-height,assets/css/base.css,:where(.pg-crew-ops-platform) .cs-split > p,,line-height,1.7,font.line-height.relaxed,1.65,changed,
spacing,assets/css/base.css,:where(.pg-crew-ops-platform) .cs-split,(max-width: 860px),padding-bottom,56px,space.14,56px,same,
spacing,assets/css/base.css,:where(.pg-crew-ops-platform) .cs-split h2,(max-width: 860px),margin-bottom,14px,space.4,16px,changed,14px tie — rounded up
font-size,assets/css/base.css,:where(.pg-crew-ops-platform) .cs-split > p,(max-width: 860px),font-size,17px,typography.lead,17px (mobile end of lead),same,
spacing,assets/css/base.css,:where(.pg-crew-ops-platform) .step,,gap,24px,space.6,24px,same,
spacing,assets/css/base.css,:where(.pg-crew-ops-platform) .step,,padding-bottom,44px,space.12,48px,changed,44px tie — rounded up
color,assets/css/base.css,:where(.pg-crew-ops-platform) .step-line,,background,var(--line),color.border.subtle,var(--pm-color-border-subtle),same,
radius,assets/css/base.css,:where(.pg-crew-ops-platform) .step-num,,border-radius,50%,radius.full,50% (circle — keep),same,
color,assets/css/base.css,:where(.pg-crew-ops-platform) .step-num,,background,var(--bg-card),color.surface.card,var(--pm-color-surface-card),same,
color,assets/css/base.css,:where(.pg-crew-ops-platform) .step-num,,border,var(--line),color.border.subtle,var(--pm-color-border-subtle),same,
font-size,assets/css/base.css,:where(.pg-crew-ops-platform) .step-num,,font-size,20px,typography.lead,20px (desktop end of lead),same,
motion,assets/css/base.css,:where(.pg-crew-ops-platform) .step-num,,transition,5s,"(ambient/looping — keep, add reduced-motion stop)",5s,excluded,
font-size,assets/css/base.css,:where(.pg-crew-ops-platform) .step h3,,font-size,19px,typography.lead,20px (desktop end of lead),changed,tie between two roles — rounded up; review
color,assets/css/base.css,:where(.pg-crew-ops-platform) .step h3,,color,var(--ink),color.text.primary,var(--pm-color-text-primary),same,
color,assets/css/base.css,:where(.pg-crew-ops-platform) .step p,,color,var(--ink-dim),color.text.secondary,var(--pm-color-text-secondary),same,
font-size,assets/css/base.css,:where(.pg-crew-ops-platform) .step p,,font-size,15px,typography.body,16px (desktop end of body),changed,tie between two roles — rounded up; review
line-height,assets/css/base.css,:where(.pg-crew-ops-platform) .step p,,line-height,1.65,font.line-height.relaxed,1.65,same,
spacing,assets/css/base.css,:where(.pg-crew-ops-platform) .step p,,margin-top,8px,space.2,8px,same,
spacing,assets/css/base.css,:where(.pg-crew-ops-platform) .step,(max-width: 860px),gap,16px,space.4,16px,same,
spacing,assets/css/base.css,:where(.pg-crew-ops-platform) .step,(max-width: 860px),padding-bottom,32px,space.8,32px,same,
font-size,assets/css/base.css,:where(.pg-crew-ops-platform) .step-num,(max-width: 860px),font-size,17px,typography.lead,17px (mobile end of lead),same,
font-size,assets/css/base.css,:where(.pg-crew-ops-platform) .step h3,(max-width: 860px),font-size,16px,typography.body,16px (mobile end of body),same,
font-size,assets/css/base.css,:where(.pg-crew-ops-platform) .step p,(max-width: 860px),font-size,16px,typography.body,16px (mobile end of body),same,
spacing,assets/css/base.css,:where(.pg-crew-ops-platform) .step p,(max-width: 860px),margin-top,6px,space.2,8px,changed,6px tie — rounded up
spacing,assets/css/base.css,:where(.pg-crew-ops-platform) .cs-outcomes,,padding-bottom,100px,space.24,96px,changed,
spacing,assets/css/base.css,:where(.pg-crew-ops-platform) .cs-outcomes h2,,margin-bottom,36px,space.10,40px,changed,36px tie — rounded up
spacing,assets/css/base.css,:where(.pg-crew-ops-platform) .check-row,,gap,16px,space.4,16px,same,
spacing,assets/css/base.css,:where(.pg-crew-ops-platform) .check-row,,padding,18px 0,space.5,20px 0,changed,18px tie — rounded up
color,assets/css/base.css,:where(.pg-crew-ops-platform) .check-row,,border-bottom,var(--line),color.border.subtle,var(--pm-color-border-subtle),same,
radius,assets/css/base.css,:where(.pg-crew-ops-platform) .check,,border-radius,50%,radius.full,50% (circle — keep),same,
color,assets/css/base.css,:where(.pg-crew-ops-platform) .check,,background,var(--coral),color.accent.primary,var(--pm-color-accent-primary),same,
color,assets/css/base.css,:where(.pg-crew-ops-platform) .check,,color,#0A0C10,color.text.on-accent,var(--pm-color-text-on-accent),same,
font-size,assets/css/base.css,:where(.pg-crew-ops-platform) .check,,font-size,17px,typography.body-lg,18px (desktop end of body-lg),changed,tie between two roles — rounded up; review
font-weight,assets/css/base.css,:where(.pg-crew-ops-platform) .check,,font-weight,700,font.weight.bold,700,same,
font-size,assets/css/base.css,:where(.pg-crew-ops-platform) .check-row p,,font-size,16px,typography.body,16px (desktop end of body),same,
line-height,assets/css/base.css,:where(.pg-crew-ops-platform) .check-row p,,line-height,1.6,font.line-height.relaxed,1.65,changed,
spacing,assets/css/base.css,:where(.pg-crew-ops-platform) .cs-outcomes,(max-width: 860px),padding-bottom,56px,space.14,56px,same,
spacing,assets/css/base.css,:where(.pg-crew-ops-platform) .cs-outcomes h2,(max-width: 860px),margin-bottom,20px,space.5,20px,same,
spacing,assets/css/base.css,:where(.pg-crew-ops-platform) .check-row,(max-width: 860px),gap,14px,space.4,16px,changed,14px tie — rounded up
spacing,assets/css/base.css,:where(.pg-crew-ops-platform) .check-row,(max-width: 860px),padding,16px 0,space.4,16px 0,same,
font-size,assets/css/base.css,:where(.pg-crew-ops-platform) .check,(max-width: 860px),font-size,15px,typography.body,16px (mobile end of body),changed,tie between two roles — rounded up; review
font-size,assets/css/base.css,:where(.pg-crew-ops-platform) .check-row p,(max-width: 860px),font-size,16px,typography.body,16px (mobile end of body),same,
color,assets/css/base.css,:where(.pg-crew-ops-platform) .cs-cta,,border-top,var(--line),color.border.subtle,var(--pm-color-border-subtle),same,
spacing,assets/css/base.css,:where(.pg-crew-ops-platform) .cs-cta,,padding,70px 0,space.16,64px 0,changed,
font-size,assets/css/base.css,:where(.pg-crew-ops-platform) .cs-cta h2,,font-size,34px,typography.heading-md,32px (desktop end of heading-md),changed,
spacing,assets/css/base.css,:where(.pg-crew-ops-platform) .cs-cta h2,,margin,0 auto 32px,space.8,0 auto 32px,same,
line-height,assets/css/base.css,:where(.pg-crew-ops-platform) .cs-cta h2,,line-height,1.3,font.line-height.snug,1.25,changed,
spacing,assets/css/base.css,:where(.pg-crew-ops-platform) .cs-cta-actions,,gap,24px,space.6,24px,same,
spacing,assets/css/base.css,:where(.pg-crew-ops-platform) .cs-cta-actions,(min-width: 861px),gap,40px,space.10,40px,same,
spacing,assets/css/base.css,:where(.pg-crew-ops-platform) .cs-cta,(max-width: 860px),padding,48px 0,space.12,48px 0,same,
font-size,assets/css/base.css,:where(.pg-crew-ops-platform) .cs-cta h2,(max-width: 860px),font-size,24px,typography.heading-md,24px (mobile end of heading-md),same,
spacing,assets/css/base.css,:where(.pg-crew-ops-platform) .cs-cta h2,(max-width: 860px),margin,0 auto 22px,space.6,0 auto 24px,changed,22px tie — rounded up
spacing,assets/css/base.css,:where(.pg-crew-ops-platform) .site-footer .wrap,,gap,6px,space.2,8px,changed,6px tie — rounded up
color,assets/css/base.css,:where(.pg-crew-ops-platform) .site-footer .wrap,,color,var(--ink-faint),color.text.tertiary,var(--pm-color-text-tertiary),changed,
font-size,assets/css/base.css,:where(.pg-crew-ops-platform) .site-footer .wrap,,font-size,12px,typography.caption,12px (desktop end of caption),same,
spacing,assets/css/base.css,:where(.pg-crew-ops-platform) .site-footer .wrap,,padding-top,24px,space.6,24px,same,
spacing,assets/css/base.css,:where(.pg-crew-ops-platform) .site-footer .wrap,,padding-bottom,24px,space.6,24px,same,
spacing,assets/css/base.css,:where(.pg-crew-ops-platform) .site-footer .wrap,(min-width: 861px),gap,12px,space.3,12px,same,
spacing,assets/css/base.css,:where(.pg-crew-ops-platform) .site-footer .wrap,(min-width: 861px),padding-top,32px,space.8,32px,same,
spacing,assets/css/base.css,:where(.pg-crew-ops-platform) .site-footer .wrap,(min-width: 861px),padding-bottom,32px,space.8,32px,same,
spacing,assets/css/base.css,:where(.pg-crew-ops-platform) .cs-top-nav,,padding-top,14px,space.4,16px,changed,14px tie — rounded up
spacing,assets/css/base.css,:where(.pg-crew-ops-platform) .cs-top-nav,(max-width: 860px),padding-top,10px,space.3,12px,changed,10px tie — rounded up
spacing,assets/css/base.css,:where(.pg-delta) .nav-links,,gap,36px,space.10,40px,changed,36px tie — rounded up
font-size,assets/css/base.css,:where(.pg-delta) .badge-label,,font-size,11px,typography.caption,12px (desktop end of caption),changed,raised from 11px (legibility floor 12px)
letter-spacing,assets/css/base.css,:where(.pg-delta) .badge-label,,letter-spacing,.05em,font.tracking.caps,0.05em,same,
font-size,assets/css/base.css,:where(.pg-delta) .badge-label,(max-width: 860px),font-size,9px,typography.caption,12px (mobile end of caption),changed,raised from 9px (legibility floor 12px)
letter-spacing,assets/css/base.css,:where(.pg-delta) .badge-label,(max-width: 860px),letter-spacing,.04em,font.tracking.caps,0.05em,changed,
spacing,assets/css/base.css,:where(.pg-delta) .cs-hero,,padding-top,48px,space.12,48px,same,
spacing,assets/css/base.css,:where(.pg-delta) .cs-hero,,padding-bottom,60px,space.16,64px,changed,60px tie — rounded up
font-size,assets/css/base.css,:where(.pg-delta) .cs-hero h1,,font-size,64px,typography.display-md,60px (desktop end of display-md),changed,role by element (h1)
line-height,assets/css/base.css,:where(.pg-delta) .cs-hero h1,,line-height,1.08,font.line-height.tight,1.1,changed,
spacing,assets/css/base.css,:where(.pg-delta) .cs-hero h1,,margin-top,24px,space.6,24px,same,
font-size,assets/css/base.css,:where(.pg-delta) .cs-hero-sub,,font-size,19px,typography.lead,20px (desktop end of lead),changed,tie between two roles — rounded up; review
line-height,assets/css/base.css,:where(.pg-delta) .cs-hero-sub,,line-height,1.6,font.line-height.relaxed,1.65,changed,
color,assets/css/base.css,:where(.pg-delta) .cs-hero-sub,,color,var(--ink-dim),color.text.secondary,var(--pm-color-text-secondary),same,
spacing,assets/css/base.css,:where(.pg-delta) .cs-hero-sub,,margin-top,20px,space.5,20px,same,
spacing,assets/css/base.css,:where(.pg-delta) .cs-hero,(max-width: 860px),padding-top,24px,space.6,24px,same,
spacing,assets/css/base.css,:where(.pg-delta) .cs-hero,(max-width: 860px),padding-bottom,36px,space.10,40px,changed,36px tie — rounded up
font-size,assets/css/base.css,:where(.pg-delta) .cs-hero h1,(max-width: 860px),font-size,38px,typography.display-md,36px (mobile end of display-md),changed,role by element (h1)
line-height,assets/css/base.css,:where(.pg-delta) .cs-hero h1,(max-width: 860px),line-height,1.12,font.line-height.tight,1.1,changed,
spacing,assets/css/base.css,:where(.pg-delta) .cs-hero h1,(max-width: 860px),margin-top,18px,space.5,20px,changed,18px tie — rounded up
font-size,assets/css/base.css,:where(.pg-delta) .cs-hero-sub,(max-width: 860px),font-size,17px,typography.lead,17px (mobile end of lead),same,
spacing,assets/css/base.css,:where(.pg-delta) .cs-hero-sub,(max-width: 860px),margin-top,14px,space.4,16px,changed,14px tie — rounded up
spacing,assets/css/base.css,:where(.pg-delta) .cs-stats,,padding-bottom,80px,space.20,80px,same,
color,assets/css/base.css,:where(.pg-delta) .stat-row,,border,var(--line),color.border.subtle,var(--pm-color-border-subtle),same,
radius,assets/css/base.css,:where(.pg-delta) .stat-row,,border-radius,20px,radius.lg,20px,same,
color,assets/css/base.css,:where(.pg-delta) .stat-row,,background,var(--bg-card),color.surface.card,var(--pm-color-surface-card),same,
spacing,assets/css/base.css,:where(.pg-delta) .stat,,gap,4px,space.1,4px,same,
spacing,assets/css/base.css,:where(.pg-delta) .stat,,padding,20px 24px,space.5 space.6,20px 24px,same,
color,assets/css/base.css,:where(.pg-delta) .stat,,border-left,var(--line),color.border.subtle,var(--pm-color-border-subtle),same,
font-size,assets/css/base.css,:where(.pg-delta) .stat b,,font-size,34px,typography.heading-md,32px (desktop end of heading-md),changed,
font-weight,assets/css/base.css,:where(.pg-delta) .stat b,,font-weight,400,font.weight.regular,400,same,
motion,assets/css/base.css,:where(.pg-delta) .stat b,,transition,5s,"(ambient/looping — keep, add reduced-motion stop)",5s,excluded,
color,assets/css/base.css,:where(.pg-delta) .stat span,,color,var(--ink-faint),color.text.tertiary,var(--pm-color-text-tertiary),changed,
font-size,assets/css/base.css,:where(.pg-delta) .stat span,,font-size,13px,typography.small,14px (desktop end of small),changed,tie between two roles — rounded up; review
spacing,assets/css/base.css,:where(.pg-delta) .cs-stats,(max-width: 860px),padding-bottom,44px,space.12,48px,changed,44px tie — rounded up
radius,assets/css/base.css,:where(.pg-delta) .stat-row,(max-width: 860px),border-radius,18px,radius.lg,20px,changed,
spacing,assets/css/base.css,:where(.pg-delta) .stat-row,(max-width: 860px),padding,4px 20px,space.1 space.5,4px 20px,same,
spacing,assets/css/base.css,:where(.pg-delta) .stat,(max-width: 860px),padding,18px 0,space.5,20px 0,changed,18px tie — rounded up
color,assets/css/base.css,:where(.pg-delta) .stat,(max-width: 860px),border-bottom,var(--line),color.border.subtle,var(--pm-color-border-subtle),same,
font-size,assets/css/base.css,:where(.pg-delta) .stat b,(max-width: 860px),font-size,28px,typography.heading-lg,28px (mobile end of heading-lg),same,
font-size,assets/css/base.css,:where(.pg-delta) .stat span,(max-width: 860px),font-size,12px,typography.caption,12px (mobile end of caption),same,
font-size,assets/css/base.css,:where(.pg-delta) .cs-h2-lg,,font-size,38px,typography.heading-lg,40px (desktop end of heading-lg),changed,
font-size,assets/css/base.css,:where(.pg-delta) .cs-h2-lg,(max-width: 860px),font-size,26px,typography.heading-lg,28px (mobile end of heading-lg),changed,tie between two roles — rounded up; review
font-size,assets/css/base.css,:where(.pg-delta) .cs-h2-md,,font-size,34px,typography.heading-md,32px (desktop end of heading-md),changed,
font-size,assets/css/base.css,:where(.pg-delta) .cs-h2-md,(max-width: 860px),font-size,24px,typography.heading-md,24px (mobile end of heading-md),same,
spacing,assets/css/base.css,:where(.pg-delta) .cs-journeys,,padding-top,20px,space.5,20px,same,
spacing,assets/css/base.css,:where(.pg-delta) .cs-journeys,,padding-bottom,100px,space.24,96px,changed,
color,assets/css/base.css,:where(.pg-delta) .cs-journeys > p,,color,var(--ink-dim),color.text.secondary,var(--pm-color-text-secondary),same,
font-size,assets/css/base.css,:where(.pg-delta) .cs-journeys > p,,font-size,16px,typography.body,16px (desktop end of body),same,
line-height,assets/css/base.css,:where(.pg-delta) .cs-journeys > p,,line-height,1.65,font.line-height.relaxed,1.65,same,
spacing,assets/css/base.css,:where(.pg-delta) .cs-journeys > p,,margin-top,20px,space.5,20px,same,
spacing,assets/css/base.css,:where(.pg-delta) .cs-journey-grid,,gap,20px,space.5,20px,same,
spacing,assets/css/base.css,:where(.pg-delta) .cs-journey-grid,,margin-top,40px,space.10,40px,same,
font-size,assets/css/base.css,:where(.pg-delta) .cs-journey-grid h3,,font-size,18px,typography.body-lg,18px (desktop end of body-lg),same,
spacing,assets/css/base.css,:where(.pg-delta) .cs-journey-grid h3,,margin-top,18px,space.5,20px,changed,18px tie — rounded up
color,assets/css/base.css,:where(.pg-delta) .cs-journey-grid h3,,color,var(--ink),color.text.primary,var(--pm-color-text-primary),same,
color,assets/css/base.css,:where(.pg-delta) .cs-journey-grid p,,color,var(--ink-dim),color.text.secondary,var(--pm-color-text-secondary),same,
font-size,assets/css/base.css,:where(.pg-delta) .cs-journey-grid p,,font-size,14px,typography.small,14px (desktop end of small),same,
line-height,assets/css/base.css,:where(.pg-delta) .cs-journey-grid p,,line-height,1.6,font.line-height.relaxed,1.65,changed,
spacing,assets/css/base.css,:where(.pg-delta) .cs-journey-grid p,,margin-top,8px,space.2,8px,same,
spacing,assets/css/base.css,:where(.pg-delta) .cs-journeys,(max-width: 860px),padding-bottom,56px,space.14,56px,same,
font-size,assets/css/base.css,:where(.pg-delta) .cs-journeys > p,(max-width: 860px),font-size,16px,typography.body,16px (mobile end of body),same,
spacing,assets/css/base.css,:where(.pg-delta) .cs-journeys > p,(max-width: 860px),margin-top,14px,space.4,16px,changed,14px tie — rounded up
spacing,assets/css/base.css,:where(.pg-delta) .cs-journey-grid,(max-width: 860px),gap,14px,space.4,16px,changed,14px tie — rounded up
spacing,assets/css/base.css,:where(.pg-delta) .cs-journey-grid,(max-width: 860px),margin-top,24px,space.6,24px,same,
font-size,assets/css/base.css,:where(.pg-delta) .cs-journey-grid h3,(max-width: 860px),font-size,16px,typography.body,16px (mobile end of body),same,
spacing,assets/css/base.css,:where(.pg-delta) .cs-journey-grid h3,(max-width: 860px),margin-top,14px,space.4,16px,changed,14px tie — rounded up
font-size,assets/css/base.css,:where(.pg-delta) .cs-journey-grid p,(max-width: 860px),font-size,15px,typography.body,16px (mobile end of body),changed,tie between two roles — rounded up; review
spacing,assets/css/base.css,:where(.pg-delta) .cs-journey-grid p,(max-width: 860px),margin-top,6px,space.2,8px,changed,6px tie — rounded up
radius,assets/css/base.css,:where(.pg-delta) .thumb,,border-radius,14px,radius.md,12px,changed,
color,assets/css/base.css,:where(.pg-delta) .thumb,,background,#1c2130,color.surface.raised,var(--pm-color-surface-raised),changed,
color,assets/css/base.css,:where(.pg-delta) .thumb,,background,#12151c,color.surface.page,var(--pm-color-surface-page),changed,
color,assets/css/base.css,:where(.pg-delta) .thumb,,border,var(--line),color.border.subtle,var(--pm-color-border-subtle),same,
spacing,assets/css/base.css,:where(.pg-delta) .thumb,,gap,8px,space.2,8px,same,
color,assets/css/base.css,:where(.pg-delta) .thumb,,color,var(--ink-faint),color.text.tertiary,var(--pm-color-text-tertiary),changed,
font-size,assets/css/base.css,:where(.pg-delta) .thumb,,font-size,12px,typography.caption,12px (desktop end of caption),same,
letter-spacing,assets/css/base.css,:where(.pg-delta) .thumb,,letter-spacing,.06em,font.tracking.caps,0.05em,changed,
letter-spacing,assets/css/base.css,:where(.pg-delta) .thumb,(max-width: 860px),letter-spacing,.05em,font.tracking.caps,0.05em,same,
spacing,assets/css/base.css,:where(.pg-delta) .cs-split,,padding-bottom,100px,space.24,96px,changed,
spacing,assets/css/base.css,:where(.pg-delta) .cs-split,,gap,60px,space.16,64px,changed,60px tie — rounded up
color,assets/css/base.css,:where(.pg-delta) .cs-split > p,,color,var(--ink-dim),color.text.secondary,var(--pm-color-text-secondary),same,
font-size,assets/css/base.css,:where(.pg-delta) .cs-split > p,,font-size,17px,typography.body-lg,18px (desktop end of body-lg),changed,tie between two roles — rounded up; review
line-height,assets/css/base.css,:where(.pg-delta) .cs-split > p,,line-height,1.7,font.line-height.relaxed,1.65,changed,
spacing,assets/css/base.css,:where(.pg-delta) .cs-split,(max-width: 860px),padding-bottom,56px,space.14,56px,same,
spacing,assets/css/base.css,:where(.pg-delta) .cs-split h2,(max-width: 860px),margin-bottom,14px,space.4,16px,changed,14px tie — rounded up
font-size,assets/css/base.css,:where(.pg-delta) .cs-split > p,(max-width: 860px),font-size,17px,typography.lead,17px (mobile end of lead),same,
spacing,assets/css/base.css,:where(.pg-delta) .step,,gap,24px,space.6,24px,same,
spacing,assets/css/base.css,:where(.pg-delta) .step,,padding-bottom,44px,space.12,48px,changed,44px tie — rounded up
color,assets/css/base.css,:where(.pg-delta) .step-line,,background,var(--line),color.border.subtle,var(--pm-color-border-subtle),same,
radius,assets/css/base.css,:where(.pg-delta) .step-num,,border-radius,50%,radius.full,50% (circle — keep),same,
color,assets/css/base.css,:where(.pg-delta) .step-num,,background,var(--bg-card),color.surface.card,var(--pm-color-surface-card),same,
color,assets/css/base.css,:where(.pg-delta) .step-num,,border,var(--line),color.border.subtle,var(--pm-color-border-subtle),same,
font-size,assets/css/base.css,:where(.pg-delta) .step-num,,font-size,20px,typography.lead,20px (desktop end of lead),same,
motion,assets/css/base.css,:where(.pg-delta) .step-num,,transition,5s,"(ambient/looping — keep, add reduced-motion stop)",5s,excluded,
font-size,assets/css/base.css,:where(.pg-delta) .step h3,,font-size,19px,typography.lead,20px (desktop end of lead),changed,tie between two roles — rounded up; review
color,assets/css/base.css,:where(.pg-delta) .step h3,,color,var(--ink),color.text.primary,var(--pm-color-text-primary),same,
color,assets/css/base.css,:where(.pg-delta) .step p,,color,var(--ink-dim),color.text.secondary,var(--pm-color-text-secondary),same,
font-size,assets/css/base.css,:where(.pg-delta) .step p,,font-size,15px,typography.body,16px (desktop end of body),changed,tie between two roles — rounded up; review
line-height,assets/css/base.css,:where(.pg-delta) .step p,,line-height,1.65,font.line-height.relaxed,1.65,same,
spacing,assets/css/base.css,:where(.pg-delta) .step p,,margin-top,8px,space.2,8px,same,
spacing,assets/css/base.css,:where(.pg-delta) .cs-approach h2,(max-width: 860px),margin-bottom,20px,space.5,20px,same,
spacing,assets/css/base.css,:where(.pg-delta) .step,(max-width: 860px),gap,16px,space.4,16px,same,
spacing,assets/css/base.css,:where(.pg-delta) .step,(max-width: 860px),padding-bottom,32px,space.8,32px,same,
font-size,assets/css/base.css,:where(.pg-delta) .step-num,(max-width: 860px),font-size,17px,typography.lead,17px (mobile end of lead),same,
font-size,assets/css/base.css,:where(.pg-delta) .step h3,(max-width: 860px),font-size,16px,typography.body,16px (mobile end of body),same,
font-size,assets/css/base.css,:where(.pg-delta) .step p,(max-width: 860px),font-size,16px,typography.body,16px (mobile end of body),same,
spacing,assets/css/base.css,:where(.pg-delta) .step p,(max-width: 860px),margin-top,6px,space.2,8px,changed,6px tie — rounded up
spacing,assets/css/base.css,:where(.pg-delta) .cs-looks,,padding-bottom,100px,space.24,96px,changed,
spacing,assets/css/base.css,:where(.pg-delta) .cs-looks h2,,margin-bottom,36px,space.10,40px,changed,36px tie — rounded up
spacing,assets/css/base.css,:where(.pg-delta) .cs-looks-grid,,gap,20px,space.5,20px,same,
font-size,assets/css/base.css,:where(.pg-delta) .cs-looks-grid h3,,font-size,16px,typography.body,16px (desktop end of body),same,
spacing,assets/css/base.css,:where(.pg-delta) .cs-looks-grid h3,,margin-top,16px,space.4,16px,same,
color,assets/css/base.css,:where(.pg-delta) .cs-looks-grid h3,,color,var(--ink),color.text.primary,var(--pm-color-text-primary),same,
spacing,assets/css/base.css,:where(.pg-delta) .cs-looks,(max-width: 860px),padding-bottom,56px,space.14,56px,same,
spacing,assets/css/base.css,:where(.pg-delta) .cs-looks h2,(max-width: 860px),margin-bottom,18px,space.5,20px,changed,18px tie — rounded up
spacing,assets/css/base.css,:where(.pg-delta) .cs-looks-grid,(max-width: 860px),gap,12px,space.3,12px,same,
font-size,assets/css/base.css,:where(.pg-delta) .cs-looks-grid h3,(max-width: 860px),font-size,14px,typography.small,14px (mobile end of small),same,
spacing,assets/css/base.css,:where(.pg-delta) .cs-looks-grid h3,(max-width: 860px),margin-top,12px,space.3,12px,same,
spacing,assets/css/base.css,:where(.pg-delta) .cs-outcomes,,padding-top,100px,space.24,96px,changed,
spacing,assets/css/base.css,:where(.pg-delta) .cs-outcomes,,padding-bottom,100px,space.24,96px,changed,
spacing,assets/css/base.css,:where(.pg-delta) .cs-outcomes h2,,margin-bottom,36px,space.10,40px,changed,36px tie — rounded up
spacing,assets/css/base.css,:where(.pg-delta) .check-row,,gap,16px,space.4,16px,same,
spacing,assets/css/base.css,:where(.pg-delta) .check-row,,padding,18px 0,space.5,20px 0,changed,18px tie — rounded up
color,assets/css/base.css,:where(.pg-delta) .check-row,,border-bottom,var(--line),color.border.subtle,var(--pm-color-border-subtle),same,
radius,assets/css/base.css,:where(.pg-delta) .check,,border-radius,50%,radius.full,50% (circle — keep),same,
color,assets/css/base.css,:where(.pg-delta) .check,,background,var(--coral),color.accent.primary,var(--pm-color-accent-primary),same,
color,assets/css/base.css,:where(.pg-delta) .check,,color,#0A0C10,color.text.on-accent,var(--pm-color-text-on-accent),same,
font-size,assets/css/base.css,:where(.pg-delta) .check,,font-size,17px,typography.body-lg,18px (desktop end of body-lg),changed,tie between two roles — rounded up; review
font-weight,assets/css/base.css,:where(.pg-delta) .check,,font-weight,700,font.weight.bold,700,same,
font-size,assets/css/base.css,:where(.pg-delta) .check-row p,,font-size,16px,typography.body,16px (desktop end of body),same,
line-height,assets/css/base.css,:where(.pg-delta) .check-row p,,line-height,1.6,font.line-height.relaxed,1.65,changed,
spacing,assets/css/base.css,:where(.pg-delta) .cs-outcomes,(max-width: 860px),padding-top,56px,space.14,56px,same,
spacing,assets/css/base.css,:where(.pg-delta) .cs-outcomes,(max-width: 860px),padding-bottom,56px,space.14,56px,same,
spacing,assets/css/base.css,:where(.pg-delta) .cs-outcomes h2,(max-width: 860px),margin-bottom,20px,space.5,20px,same,
spacing,assets/css/base.css,:where(.pg-delta) .check-row,(max-width: 860px),gap,14px,space.4,16px,changed,14px tie — rounded up
spacing,assets/css/base.css,:where(.pg-delta) .check-row,(max-width: 860px),padding,16px 0,space.4,16px 0,same,
font-size,assets/css/base.css,:where(.pg-delta) .check,(max-width: 860px),font-size,15px,typography.body,16px (mobile end of body),changed,tie between two roles — rounded up; review
font-size,assets/css/base.css,:where(.pg-delta) .check-row p,(max-width: 860px),font-size,16px,typography.body,16px (mobile end of body),same,
spacing,assets/css/base.css,:where(.pg-delta) .cs-learning,,padding-bottom,120px,space.32,128px,changed,
spacing,assets/css/base.css,:where(.pg-delta) .cs-quote-card,,padding,36px,space.10,40px,changed,36px tie — rounded up
font-size,assets/css/base.css,:where(.pg-delta) .cs-quote-card p,,font-size,24px,typography.heading-sm,24px (desktop end of heading-sm),same,
line-height,assets/css/base.css,:where(.pg-delta) .cs-quote-card p,,line-height,1.5,font.line-height.normal,1.5,same,
spacing,assets/css/base.css,:where(.pg-delta) .cs-learning,(max-width: 860px),padding-bottom,64px,space.16,64px,same,
spacing,assets/css/base.css,:where(.pg-delta) .cs-quote-card,(max-width: 860px),padding,22px,space.6,24px,changed,22px tie — rounded up
font-size,assets/css/base.css,:where(.pg-delta) .cs-quote-card p,(max-width: 860px),font-size,21px,typography.heading-sm,20px (mobile end of heading-sm),changed,
color,assets/css/base.css,:where(.pg-delta) .cs-cta,,border-top,var(--line),color.border.subtle,var(--pm-color-border-subtle),same,
spacing,assets/css/base.css,:where(.pg-delta) .cs-cta,,padding,70px 0,space.16,64px 0,changed,
font-size,assets/css/base.css,:where(.pg-delta) .cs-cta h2,,font-size,34px,typography.heading-md,32px (desktop end of heading-md),changed,
spacing,assets/css/base.css,:where(.pg-delta) .cs-cta h2,,margin,0 auto 32px,space.8,0 auto 32px,same,
line-height,assets/css/base.css,:where(.pg-delta) .cs-cta h2,,line-height,1.3,font.line-height.snug,1.25,changed,
spacing,assets/css/base.css,:where(.pg-delta) .cs-cta-actions,,gap,36px,space.10,40px,changed,36px tie — rounded up
spacing,assets/css/base.css,:where(.pg-delta) .cs-cta-actions,(min-width: 861px),gap,48px,space.12,48px,same,
spacing,assets/css/base.css,:where(.pg-delta) .cs-cta,(max-width: 860px),padding,48px 0,space.12,48px 0,same,
font-size,assets/css/base.css,:where(.pg-delta) .cs-cta h2,(max-width: 860px),font-size,24px,typography.heading-md,24px (mobile end of heading-md),same,
spacing,assets/css/base.css,:where(.pg-delta) .cs-cta h2,(max-width: 860px),margin,0 auto 22px,space.6,0 auto 24px,changed,22px tie — rounded up
spacing,assets/css/base.css,:where(.pg-delta) .site-footer .wrap,,gap,6px,space.2,8px,changed,6px tie — rounded up
color,assets/css/base.css,:where(.pg-delta) .site-footer .wrap,,color,var(--ink-faint),color.text.tertiary,var(--pm-color-text-tertiary),changed,
font-size,assets/css/base.css,:where(.pg-delta) .site-footer .wrap,,font-size,12px,typography.caption,12px (desktop end of caption),same,
spacing,assets/css/base.css,:where(.pg-delta) .site-footer .wrap,,padding-top,24px,space.6,24px,same,
spacing,assets/css/base.css,:where(.pg-delta) .site-footer .wrap,,padding-bottom,24px,space.6,24px,same,
spacing,assets/css/base.css,:where(.pg-delta) .site-footer .wrap,(min-width: 861px),gap,12px,space.3,12px,same,
spacing,assets/css/base.css,:where(.pg-delta) .site-footer .wrap,(min-width: 861px),padding-top,32px,space.8,32px,same,
spacing,assets/css/base.css,:where(.pg-delta) .site-footer .wrap,(min-width: 861px),padding-bottom,32px,space.8,32px,same,
spacing,assets/css/base.css,:where(.pg-delta) .cs-top-nav,,padding-top,14px,space.4,16px,changed,14px tie — rounded up
spacing,assets/css/base.css,:where(.pg-delta) .cs-top-nav,(max-width: 860px),padding-top,10px,space.3,12px,changed,10px tie — rounded up
spacing,assets/css/base.css,:where(.pg-enrollment-experience) .nav-links,,gap,36px,space.10,40px,changed,36px tie — rounded up
font-size,assets/css/base.css,:where(.pg-enrollment-experience) .badge-label,,font-size,11px,typography.caption,12px (desktop end of caption),changed,raised from 11px (legibility floor 12px)
letter-spacing,assets/css/base.css,:where(.pg-enrollment-experience) .badge-label,,letter-spacing,.05em,font.tracking.caps,0.05em,same,
font-size,assets/css/base.css,:where(.pg-enrollment-experience) .badge-label,(max-width: 860px),font-size,9px,typography.caption,12px (mobile end of caption),changed,raised from 9px (legibility floor 12px)
letter-spacing,assets/css/base.css,:where(.pg-enrollment-experience) .badge-label,(max-width: 860px),letter-spacing,.04em,font.tracking.caps,0.05em,changed,
spacing,assets/css/base.css,:where(.pg-enrollment-experience) .sec-hero,,padding-top,48px,space.12,48px,same,
spacing,assets/css/base.css,:where(.pg-enrollment-experience) .sec-hero,,padding-bottom,60px,space.16,64px,changed,60px tie — rounded up
spacing,assets/css/base.css,:where(.pg-enrollment-experience) .sec-stats,,padding-bottom,80px,space.20,80px,same,
spacing,assets/css/base.css,:where(.pg-enrollment-experience) .sec-visual,,padding-top,20px,space.5,20px,same,
spacing,assets/css/base.css,:where(.pg-enrollment-experience) .sec-visual,,padding-bottom,100px,space.24,96px,changed,
spacing,assets/css/base.css,":where(.pg-enrollment-experience) .sec-challenge, :where(.pg-enrollment-experience) .sec-approach, :where(.pg-enrollment-experience) .sec-growth",,padding-bottom,100px,space.24,96px,changed,
spacing,assets/css/base.css,:where(.pg-enrollment-experience) .sec-outcomes,,padding-top,100px,space.24,96px,changed,
spacing,assets/css/base.css,:where(.pg-enrollment-experience) .sec-outcomes,,padding-bottom,100px,space.24,96px,changed,
spacing,assets/css/base.css,:where(.pg-enrollment-experience) .sec-learning,,padding-bottom,120px,space.32,128px,changed,
spacing,assets/css/base.css,:where(.pg-enrollment-experience) .sec-cta,,padding-top,70px,space.16,64px,changed,
spacing,assets/css/base.css,:where(.pg-enrollment-experience) .sec-cta,,padding-bottom,70px,space.16,64px,changed,
spacing,assets/css/base.css,:where(.pg-enrollment-experience) .sec-hero,(max-width: 860px),padding-top,24px,space.6,24px,same,
spacing,assets/css/base.css,:where(.pg-enrollment-experience) .sec-hero,(max-width: 860px),padding-bottom,36px,space.10,40px,changed,36px tie — rounded up
spacing,assets/css/base.css,:where(.pg-enrollment-experience) .sec-stats,(max-width: 860px),padding-bottom,44px,space.12,48px,changed,44px tie — rounded up
spacing,assets/css/base.css,:where(.pg-enrollment-experience) .sec-visual,(max-width: 860px),padding-bottom,56px,space.14,56px,same,
spacing,assets/css/base.css,":where(.pg-enrollment-experience) .sec-challenge, :where(.pg-enrollment-experience) .sec-approach, :where(.pg-enrollment-experience) .sec-growth",(max-width: 860px),padding-bottom,56px,space.14,56px,same,
spacing,assets/css/base.css,:where(.pg-enrollment-experience) .sec-outcomes,(max-width: 860px),padding-top,56px,space.14,56px,same,
spacing,assets/css/base.css,:where(.pg-enrollment-experience) .sec-outcomes,(max-width: 860px),padding-bottom,56px,space.14,56px,same,
spacing,assets/css/base.css,:where(.pg-enrollment-experience) .sec-learning,(max-width: 860px),padding-bottom,64px,space.16,64px,same,
spacing,assets/css/base.css,:where(.pg-enrollment-experience) .sec-cta,(max-width: 860px),padding-top,48px,space.12,48px,same,
spacing,assets/css/base.css,:where(.pg-enrollment-experience) .sec-cta,(max-width: 860px),padding-bottom,48px,space.12,48px,same,
font-size,assets/css/base.css,:where(.pg-enrollment-experience) .hero-title,,font-size,44px,typography.display-md,60px (desktop end of display-md),changed,role by element (h1)
line-height,assets/css/base.css,:where(.pg-enrollment-experience) .hero-title,,line-height,1.12,font.line-height.tight,1.1,changed,
spacing,assets/css/base.css,:where(.pg-enrollment-experience) .hero-title,,margin-top,24px,space.6,24px,same,
font-size,assets/css/base.css,:where(.pg-enrollment-experience) .hero-desc,,font-size,19px,typography.lead,20px (desktop end of lead),changed,tie between two roles — rounded up; review
line-height,assets/css/base.css,:where(.pg-enrollment-experience) .hero-desc,,line-height,1.6,font.line-height.relaxed,1.65,changed,
color,assets/css/base.css,:where(.pg-enrollment-experience) .hero-desc,,color,var(--ink-dim),color.text.secondary,var(--pm-color-text-secondary),same,
spacing,assets/css/base.css,:where(.pg-enrollment-experience) .hero-desc,,margin-top,20px,space.5,20px,same,
font-size,assets/css/base.css,:where(.pg-enrollment-experience) .hero-title,(max-width: 860px),font-size,28px,typography.display-md,36px (mobile end of display-md),changed,role by element (h1)
line-height,assets/css/base.css,:where(.pg-enrollment-experience) .hero-title,(max-width: 860px),line-height,1.18,font.line-height.snug,1.25,changed,
spacing,assets/css/base.css,:where(.pg-enrollment-experience) .hero-title,(max-width: 860px),margin-top,18px,space.5,20px,changed,18px tie — rounded up
font-size,assets/css/base.css,:where(.pg-enrollment-experience) .hero-desc,(max-width: 860px),font-size,15px,typography.body,16px (mobile end of body),changed,tie between two roles — rounded up; review
spacing,assets/css/base.css,:where(.pg-enrollment-experience) .hero-desc,(max-width: 860px),margin-top,14px,space.4,16px,changed,14px tie — rounded up
color,assets/css/base.css,:where(.pg-enrollment-experience) .stats-wrap,,border,var(--line),color.border.subtle,var(--pm-color-border-subtle),same,
radius,assets/css/base.css,:where(.pg-enrollment-experience) .stats-wrap,,border-radius,20px,radius.lg,20px,same,
color,assets/css/base.css,:where(.pg-enrollment-experience) .stats-wrap,,background,var(--bg-card),color.surface.card,var(--pm-color-surface-card),same,
spacing,assets/css/base.css,:where(.pg-enrollment-experience) .stat,,gap,4px,space.1,4px,same,
spacing,assets/css/base.css,:where(.pg-enrollment-experience) .stat,,padding,20px 24px,space.5 space.6,20px 24px,same,
color,assets/css/base.css,:where(.pg-enrollment-experience) .stat,,border-left,var(--line),color.border.subtle,var(--pm-color-border-subtle),same,
font-size,assets/css/base.css,:where(.pg-enrollment-experience) .stat-value,,font-size,32px,typography.heading-md,32px (desktop end of heading-md),same,
font-weight,assets/css/base.css,:where(.pg-enrollment-experience) .stat-value,,font-weight,400,font.weight.regular,400,same,
motion,assets/css/base.css,:where(.pg-enrollment-experience) .stat-value,,transition,5s,"(ambient/looping — keep, add reduced-motion stop)",5s,excluded,
color,assets/css/base.css,:where(.pg-enrollment-experience) .stat span,,color,var(--ink-faint),color.text.tertiary,var(--pm-color-text-tertiary),changed,
font-size,assets/css/base.css,:where(.pg-enrollment-experience) .stat span,,font-size,13px,typography.small,14px (desktop end of small),changed,tie between two roles — rounded up; review
radius,assets/css/base.css,:where(.pg-enrollment-experience) .stats-wrap,(max-width: 860px),border-radius,18px,radius.lg,20px,changed,
spacing,assets/css/base.css,:where(.pg-enrollment-experience) .stats-wrap,(max-width: 860px),padding,4px 20px,space.1 space.5,4px 20px,same,
spacing,assets/css/base.css,:where(.pg-enrollment-experience) .stat,(max-width: 860px),padding,18px 0,space.5,20px 0,changed,18px tie — rounded up
color,assets/css/base.css,:where(.pg-enrollment-experience) .stat,(max-width: 860px),border-bottom,var(--line),color.border.subtle,var(--pm-color-border-subtle),same,
font-size,assets/css/base.css,:where(.pg-enrollment-experience) .stat-value,(max-width: 860px),font-size,26px,typography.heading-lg,28px (mobile end of heading-lg),changed,tie between two roles — rounded up; review
font-size,assets/css/base.css,:where(.pg-enrollment-experience) .stat span,(max-width: 860px),font-size,12px,typography.caption,12px (mobile end of caption),same,
font-size,assets/css/base.css,:where(.pg-enrollment-experience) .visual-title,,font-size,38px,typography.heading-lg,40px (desktop end of heading-lg),changed,
line-height,assets/css/base.css,:where(.pg-enrollment-experience) .visual-title,,line-height,1.2,font.line-height.snug,1.25,changed,
color,assets/css/base.css,:where(.pg-enrollment-experience) .visual-desc,,color,var(--ink-dim),color.text.secondary,var(--pm-color-text-secondary),same,
font-size,assets/css/base.css,:where(.pg-enrollment-experience) .visual-desc,,font-size,16px,typography.body,16px (desktop end of body),same,
line-height,assets/css/base.css,:where(.pg-enrollment-experience) .visual-desc,,line-height,1.65,font.line-height.relaxed,1.65,same,
spacing,assets/css/base.css,:where(.pg-enrollment-experience) .visual-desc,,margin-top,20px,space.5,20px,same,
spacing,assets/css/base.css,:where(.pg-enrollment-experience) .visual-grid,,gap,20px,space.5,20px,same,
spacing,assets/css/base.css,:where(.pg-enrollment-experience) .visual-grid,,margin-top,40px,space.10,40px,same,
font-size,assets/css/base.css,:where(.pg-enrollment-experience) .visual-title,(max-width: 860px),font-size,24px,typography.heading-md,24px (mobile end of heading-md),same,
line-height,assets/css/base.css,:where(.pg-enrollment-experience) .visual-title,(max-width: 860px),line-height,1.25,font.line-height.snug,1.25,same,
font-size,assets/css/base.css,:where(.pg-enrollment-experience) .visual-desc,(max-width: 860px),font-size,14px,typography.small,14px (mobile end of small),same,
spacing,assets/css/base.css,:where(.pg-enrollment-experience) .visual-desc,(max-width: 860px),margin-top,14px,space.4,16px,changed,14px tie — rounded up
spacing,assets/css/base.css,:where(.pg-enrollment-experience) .visual-grid,(max-width: 860px),gap,14px,space.4,16px,changed,14px tie — rounded up
spacing,assets/css/base.css,:where(.pg-enrollment-experience) .visual-grid,(max-width: 860px),margin-top,24px,space.6,24px,same,
color,assets/css/base.css,:where(.pg-enrollment-experience) .shot-placeholder,,border,"rgba(255,255,255,.25)",color.border.strong,var(--pm-color-border-strong),changed,
radius,assets/css/base.css,:where(.pg-enrollment-experience) .shot-placeholder,,border-radius,14px,radius.md,12px,changed,
color,assets/css/base.css,:where(.pg-enrollment-experience) .shot-placeholder,,background,var(--bg-card),color.surface.card,var(--pm-color-surface-card),same,
spacing,assets/css/base.css,:where(.pg-enrollment-experience) .shot-placeholder,,gap,10px,space.3,12px,changed,10px tie — rounded up
color,assets/css/base.css,:where(.pg-enrollment-experience) .shot-placeholder,,color,var(--ink-faint),color.text.tertiary,var(--pm-color-text-tertiary),changed,
spacing,assets/css/base.css,:where(.pg-enrollment-experience) .shot-placeholder,,padding,24px,space.6,24px,same,
font-size,assets/css/base.css,:where(.pg-enrollment-experience) .shot-placeholder span,,font-size,12px,typography.caption,12px (desktop end of caption),same,
line-height,assets/css/base.css,:where(.pg-enrollment-experience) .shot-placeholder span,,line-height,1.5,font.line-height.normal,1.5,same,
spacing,assets/css/base.css,:where(.pg-enrollment-experience) .shot-placeholder,(max-width: 860px),gap,8px,space.2,8px,same,
spacing,assets/css/base.css,:where(.pg-enrollment-experience) .shot-placeholder,(max-width: 860px),padding,20px,space.5,20px,same,
font-size,assets/css/base.css,:where(.pg-enrollment-experience) .shot-placeholder span,(max-width: 860px),font-size,11px,typography.caption,12px (mobile end of caption),changed,raised from 11px (legibility floor 12px)
font-size,assets/css/base.css,:where(.pg-enrollment-experience) .visual-card h3,,font-size,18px,typography.body-lg,18px (desktop end of body-lg),same,
spacing,assets/css/base.css,:where(.pg-enrollment-experience) .visual-card h3,,margin-top,18px,space.5,20px,changed,18px tie — rounded up
color,assets/css/base.css,:where(.pg-enrollment-experience) .visual-card h3,,color,var(--ink),color.text.primary,var(--pm-color-text-primary),same,
color,assets/css/base.css,:where(.pg-enrollment-experience) .visual-card p,,color,var(--ink-dim),color.text.secondary,var(--pm-color-text-secondary),same,
font-size,assets/css/base.css,:where(.pg-enrollment-experience) .visual-card p,,font-size,14px,typography.small,14px (desktop end of small),same,
line-height,assets/css/base.css,:where(.pg-enrollment-experience) .visual-card p,,line-height,1.6,font.line-height.relaxed,1.65,changed,
spacing,assets/css/base.css,:where(.pg-enrollment-experience) .visual-card p,,margin-top,8px,space.2,8px,same,
font-size,assets/css/base.css,:where(.pg-enrollment-experience) .visual-card h3,(max-width: 860px),font-size,16px,typography.body,16px (mobile end of body),same,
spacing,assets/css/base.css,:where(.pg-enrollment-experience) .visual-card h3,(max-width: 860px),margin-top,14px,space.4,16px,changed,14px tie — rounded up
font-size,assets/css/base.css,:where(.pg-enrollment-experience) .visual-card p,(max-width: 860px),font-size,13px,typography.small,14px (mobile end of small),changed,tie between two roles — rounded up; review
spacing,assets/css/base.css,:where(.pg-enrollment-experience) .visual-card p,(max-width: 860px),margin-top,6px,space.2,8px,changed,6px tie — rounded up
spacing,assets/css/base.css,:where(.pg-enrollment-experience) .content-grid,,gap,60px,space.16,64px,changed,60px tie — rounded up
font-size,assets/css/base.css,:where(.pg-enrollment-experience) .content-grid > h2,,font-size,34px,typography.heading-md,32px (desktop end of heading-md),changed,
font-size,assets/css/base.css,:where(.pg-enrollment-experience) .content-grid > h2,(max-width: 860px),font-size,24px,typography.heading-md,24px (mobile end of heading-md),same,
spacing,assets/css/base.css,:where(.pg-enrollment-experience) .content-grid > h2,(max-width: 860px),margin-bottom,14px,space.4,16px,changed,14px tie — rounded up
color,assets/css/base.css,:where(.pg-enrollment-experience) .copy-block p,,color,var(--ink-dim),color.text.secondary,var(--pm-color-text-secondary),same,
font-size,assets/css/base.css,:where(.pg-enrollment-experience) .copy-block p,,font-size,17px,typography.body-lg,18px (desktop end of body-lg),changed,tie between two roles — rounded up; review
line-height,assets/css/base.css,:where(.pg-enrollment-experience) .copy-block p,,line-height,1.7,font.line-height.relaxed,1.65,changed,
spacing,assets/css/base.css,:where(.pg-enrollment-experience) .copy-block p + p,,margin-top,16px,space.4,16px,same,
font-size,assets/css/base.css,:where(.pg-enrollment-experience) .copy-block p,(max-width: 860px),font-size,15px,typography.body,16px (mobile end of body),changed,tie between two roles — rounded up; review
spacing,assets/css/base.css,:where(.pg-enrollment-experience) .step,,gap,24px,space.6,24px,same,
spacing,assets/css/base.css,:where(.pg-enrollment-experience) .step,,padding-bottom,44px,space.12,48px,changed,44px tie — rounded up
color,assets/css/base.css,:where(.pg-enrollment-experience) .step-line,,background,var(--line),color.border.subtle,var(--pm-color-border-subtle),same,
radius,assets/css/base.css,:where(.pg-enrollment-experience) .step-num,,border-radius,50%,radius.full,50% (circle — keep),same,
color,assets/css/base.css,:where(.pg-enrollment-experience) .step-num,,background,var(--bg-card),color.surface.card,var(--pm-color-surface-card),same,
color,assets/css/base.css,:where(.pg-enrollment-experience) .step-num,,border,var(--line),color.border.subtle,var(--pm-color-border-subtle),same,
font-size,assets/css/base.css,:where(.pg-enrollment-experience) .step-num,,font-size,20px,typography.lead,20px (desktop end of lead),same,
motion,assets/css/base.css,:where(.pg-enrollment-experience) .step-num,,transition,5s,"(ambient/looping — keep, add reduced-motion stop)",5s,excluded,
font-size,assets/css/base.css,:where(.pg-enrollment-experience) .step h3,,font-size,19px,typography.lead,20px (desktop end of lead),changed,tie between two roles — rounded up; review
color,assets/css/base.css,:where(.pg-enrollment-experience) .step h3,,color,var(--ink),color.text.primary,var(--pm-color-text-primary),same,
color,assets/css/base.css,:where(.pg-enrollment-experience) .step p,,color,var(--ink-dim),color.text.secondary,var(--pm-color-text-secondary),same,
font-size,assets/css/base.css,:where(.pg-enrollment-experience) .step p,,font-size,15px,typography.body,16px (desktop end of body),changed,tie between two roles — rounded up; review
line-height,assets/css/base.css,:where(.pg-enrollment-experience) .step p,,line-height,1.65,font.line-height.relaxed,1.65,same,
spacing,assets/css/base.css,:where(.pg-enrollment-experience) .step p,,margin-top,8px,space.2,8px,same,
spacing,assets/css/base.css,:where(.pg-enrollment-experience) .step,(max-width: 860px),gap,16px,space.4,16px,same,
spacing,assets/css/base.css,:where(.pg-enrollment-experience) .step,(max-width: 860px),padding-bottom,32px,space.8,32px,same,
font-size,assets/css/base.css,:where(.pg-enrollment-experience) .step-num,(max-width: 860px),font-size,17px,typography.lead,17px (mobile end of lead),same,
font-size,assets/css/base.css,:where(.pg-enrollment-experience) .step h3,(max-width: 860px),font-size,16px,typography.body,16px (mobile end of body),same,
font-size,assets/css/base.css,:where(.pg-enrollment-experience) .step p,(max-width: 860px),font-size,14px,typography.small,14px (mobile end of small),same,
line-height,assets/css/base.css,:where(.pg-enrollment-experience) .step p,(max-width: 860px),line-height,1.6,font.line-height.relaxed,1.65,changed,
spacing,assets/css/base.css,:where(.pg-enrollment-experience) .step p,(max-width: 860px),margin-top,6px,space.2,8px,changed,6px tie — rounded up
font-size,assets/css/base.css,:where(.pg-enrollment-experience) .outcomes-title,,font-size,38px,typography.heading-lg,40px (desktop end of heading-lg),changed,
spacing,assets/css/base.css,:where(.pg-enrollment-experience) .outcomes-title,,margin-bottom,36px,space.10,40px,changed,36px tie — rounded up
spacing,assets/css/base.css,:where(.pg-enrollment-experience) .check-row,,gap,16px,space.4,16px,same,
spacing,assets/css/base.css,:where(.pg-enrollment-experience) .check-row,,padding,18px 0,space.5,20px 0,changed,18px tie — rounded up
color,assets/css/base.css,:where(.pg-enrollment-experience) .check-row,,border-bottom,var(--line),color.border.subtle,var(--pm-color-border-subtle),same,
font-size,assets/css/base.css,:where(.pg-enrollment-experience) .check-row p,,font-size,16px,typography.body,16px (desktop end of body),same,
line-height,assets/css/base.css,:where(.pg-enrollment-experience) .check-row p,,line-height,1.6,font.line-height.relaxed,1.65,changed,
radius,assets/css/base.css,:where(.pg-enrollment-experience) .check,,border-radius,50%,radius.full,50% (circle — keep),same,
color,assets/css/base.css,:where(.pg-enrollment-experience) .check,,background,var(--grad),gradient.brand,var(--pm-gradient-brand),same,
color,assets/css/base.css,:where(.pg-enrollment-experience) .check,,color,#0A0C10,color.text.on-accent,var(--pm-color-text-on-accent),same,
font-size,assets/css/base.css,:where(.pg-enrollment-experience) .check,,font-size,17px,typography.body-lg,18px (desktop end of body-lg),changed,tie between two roles — rounded up; review
font-weight,assets/css/base.css,:where(.pg-enrollment-experience) .check,,font-weight,700,font.weight.bold,700,same,
font-size,assets/css/base.css,:where(.pg-enrollment-experience) .outcomes-title,(max-width: 860px),font-size,26px,typography.heading-lg,28px (mobile end of heading-lg),changed,tie between two roles — rounded up; review
spacing,assets/css/base.css,:where(.pg-enrollment-experience) .outcomes-title,(max-width: 860px),margin-bottom,20px,space.5,20px,same,
spacing,assets/css/base.css,:where(.pg-enrollment-experience) .check-row,(max-width: 860px),gap,14px,space.4,16px,changed,14px tie — rounded up
spacing,assets/css/base.css,:where(.pg-enrollment-experience) .check-row,(max-width: 860px),padding,16px 0,space.4,16px 0,same,
font-size,assets/css/base.css,:where(.pg-enrollment-experience) .check-row p,(max-width: 860px),font-size,14px,typography.small,14px (mobile end of small),same,
font-size,assets/css/base.css,:where(.pg-enrollment-experience) .check,(max-width: 860px),font-size,15px,typography.body,16px (mobile end of body),changed,tie between two roles — rounded up; review
line-height,assets/css/base.css,:where(.pg-enrollment-experience) .quote-card p,,line-height,1.5,font.line-height.normal,1.5,same,
font-size,assets/css/base.css,:where(.pg-enrollment-experience) .quote-card p,,font-size,19px,typography.lead,20px (desktop end of lead),changed,tie between two roles — rounded up; review
spacing,assets/css/base.css,:where(.pg-enrollment-experience) .quote-card,(min-width: 861px),padding,36px,space.10,40px,changed,36px tie — rounded up
font-size,assets/css/base.css,:where(.pg-enrollment-experience) .quote-card p,(min-width: 861px),font-size,24px,typography.heading-sm,24px (desktop end of heading-sm),same,
font-size,assets/css/base.css,:where(.pg-enrollment-experience) .cta-heading,,font-size,34px,typography.heading-md,32px (desktop end of heading-md),changed,
spacing,assets/css/base.css,:where(.pg-enrollment-experience) .cta-heading,,margin,0 auto 32px,space.8,0 auto 32px,same,
line-height,assets/css/base.css,:where(.pg-enrollment-experience) .cta-heading,,line-height,1.3,font.line-height.snug,1.25,changed,
spacing,assets/css/base.css,:where(.pg-enrollment-experience) .cta-actions,,gap,48px,space.12,48px,same,
font-size,assets/css/base.css,:where(.pg-enrollment-experience) .cta-heading,(max-width: 860px),font-size,24px,typography.heading-md,24px (mobile end of heading-md),same,
spacing,assets/css/base.css,:where(.pg-enrollment-experience) .cta-heading,(max-width: 860px),margin-bottom,22px,space.6,24px,changed,22px tie — rounded up
spacing,assets/css/base.css,:where(.pg-enrollment-experience) .cta-actions,(max-width: 860px),gap,36px,space.10,40px,changed,36px tie — rounded up
spacing,assets/css/base.css,:where(.pg-enrollment-experience) .site-footer .wrap,,gap,6px,space.2,8px,changed,6px tie — rounded up
color,assets/css/base.css,:where(.pg-enrollment-experience) .site-footer .wrap,,color,var(--ink-faint),color.text.tertiary,var(--pm-color-text-tertiary),changed,
font-size,assets/css/base.css,:where(.pg-enrollment-experience) .site-footer .wrap,,font-size,12px,typography.caption,12px (desktop end of caption),same,
spacing,assets/css/base.css,:where(.pg-enrollment-experience) .site-footer .wrap,,padding,24px 0,space.6,24px 0,same,
spacing,assets/css/base.css,:where(.pg-enrollment-experience) .site-footer .wrap,(min-width: 861px),gap,12px,space.3,12px,same,
spacing,assets/css/base.css,:where(.pg-enrollment-experience) .site-footer .wrap,(min-width: 861px),padding,32px 0,space.8,32px 0,same,
spacing,assets/css/base.css,:where(.pg-enrollment-experience) .cs-top-nav,,padding-top,14px,space.4,16px,changed,14px tie — rounded up
spacing,assets/css/base.css,:where(.pg-enrollment-experience) .cs-top-nav,(max-width: 860px),padding-top,10px,space.3,12px,changed,10px tie — rounded up
spacing,assets/css/base.css,:where(.pg-enterprise-ux) .nav-links,,gap,36px,space.10,40px,changed,36px tie — rounded up
font-size,assets/css/base.css,:where(.pg-enterprise-ux) .badge-label,,font-size,11px,typography.caption,12px (desktop end of caption),changed,raised from 11px (legibility floor 12px)
letter-spacing,assets/css/base.css,:where(.pg-enterprise-ux) .badge-label,,letter-spacing,.05em,font.tracking.caps,0.05em,same,
font-size,assets/css/base.css,:where(.pg-enterprise-ux) .badge-label,(max-width: 860px),font-size,9px,typography.caption,12px (mobile end of caption),changed,raised from 9px (legibility floor 12px)
letter-spacing,assets/css/base.css,:where(.pg-enterprise-ux) .badge-label,(max-width: 860px),letter-spacing,.04em,font.tracking.caps,0.05em,changed,
spacing,assets/css/base.css,:where(.pg-enterprise-ux) .hero,,padding-top,48px,space.12,48px,same,
spacing,assets/css/base.css,:where(.pg-enterprise-ux) .hero,,padding-bottom,60px,space.16,64px,changed,60px tie — rounded up
spacing,assets/css/base.css,:where(.pg-enterprise-ux) .hero-logos,,gap,16px,space.4,16px,same,
color,assets/css/base.css,:where(.pg-enterprise-ux) .hero-logos .divider,,background,var(--line),color.border.subtle,var(--pm-color-border-subtle),same,
font-size,assets/css/base.css,:where(.pg-enterprise-ux) .hero h1,,font-size,56px,typography.display-md,60px (desktop end of display-md),changed,role by element (h1)
line-height,assets/css/base.css,:where(.pg-enterprise-ux) .hero h1,,line-height,1.12,font.line-height.tight,1.1,changed,
spacing,assets/css/base.css,:where(.pg-enterprise-ux) .hero h1,,margin-top,24px,space.6,24px,same,
font-size,assets/css/base.css,:where(.pg-enterprise-ux) .hero-sub,,font-size,19px,typography.lead,20px (desktop end of lead),changed,tie between two roles — rounded up; review
line-height,assets/css/base.css,:where(.pg-enterprise-ux) .hero-sub,,line-height,1.6,font.line-height.relaxed,1.65,changed,
color,assets/css/base.css,:where(.pg-enterprise-ux) .hero-sub,,color,var(--ink-dim),color.text.secondary,var(--pm-color-text-secondary),same,
spacing,assets/css/base.css,:where(.pg-enterprise-ux) .hero-sub,,margin-top,20px,space.5,20px,same,
spacing,assets/css/base.css,:where(.pg-enterprise-ux) .hero,(max-width: 860px),padding-top,24px,space.6,24px,same,
spacing,assets/css/base.css,:where(.pg-enterprise-ux) .hero,(max-width: 860px),padding-bottom,36px,space.10,40px,changed,36px tie — rounded up
spacing,assets/css/base.css,:where(.pg-enterprise-ux) .hero-logos,(max-width: 860px),gap,12px,space.3,12px,same,
font-size,assets/css/base.css,:where(.pg-enterprise-ux) .hero h1,(max-width: 860px),font-size,34px,typography.display-md,36px (mobile end of display-md),changed,role by element (h1)
line-height,assets/css/base.css,:where(.pg-enterprise-ux) .hero h1,(max-width: 860px),line-height,1.18,font.line-height.snug,1.25,changed,
spacing,assets/css/base.css,:where(.pg-enterprise-ux) .hero h1,(max-width: 860px),margin-top,18px,space.5,20px,changed,18px tie — rounded up
font-size,assets/css/base.css,:where(.pg-enterprise-ux) .hero-sub,(max-width: 860px),font-size,17px,typography.lead,17px (mobile end of lead),same,
spacing,assets/css/base.css,:where(.pg-enterprise-ux) .hero-sub,(max-width: 860px),margin-top,14px,space.4,16px,changed,14px tie — rounded up
spacing,assets/css/base.css,:where(.pg-enterprise-ux) .stats-section,,padding-bottom,80px,space.20,80px,same,
color,assets/css/base.css,:where(.pg-enterprise-ux) .stats-bar,,border,var(--line),color.border.subtle,var(--pm-color-border-subtle),same,
radius,assets/css/base.css,:where(.pg-enterprise-ux) .stats-bar,,border-radius,20px,radius.lg,20px,same,
color,assets/css/base.css,:where(.pg-enterprise-ux) .stats-bar,,background,var(--bg-card),color.surface.card,var(--pm-color-surface-card),same,
spacing,assets/css/base.css,:where(.pg-enterprise-ux) .stat,,gap,4px,space.1,4px,same,
spacing,assets/css/base.css,:where(.pg-enterprise-ux) .stat,,padding,20px 24px,space.5 space.6,20px 24px,same,
color,assets/css/base.css,:where(.pg-enterprise-ux) .stat,,border-left,var(--line),color.border.subtle,var(--pm-color-border-subtle),same,
font-size,assets/css/base.css,:where(.pg-enterprise-ux) .stat b,,font-size,32px,typography.heading-md,32px (desktop end of heading-md),same,
font-weight,assets/css/base.css,:where(.pg-enterprise-ux) .stat b,,font-weight,400,font.weight.regular,400,same,
motion,assets/css/base.css,:where(.pg-enterprise-ux) .stat b,,transition,5s,"(ambient/looping — keep, add reduced-motion stop)",5s,excluded,
color,assets/css/base.css,:where(.pg-enterprise-ux) .stat span,,color,var(--ink-faint),color.text.tertiary,var(--pm-color-text-tertiary),changed,
font-size,assets/css/base.css,:where(.pg-enterprise-ux) .stat span,,font-size,13px,typography.small,14px (desktop end of small),changed,tie between two roles — rounded up; review
spacing,assets/css/base.css,:where(.pg-enterprise-ux) .stats-section,(max-width: 860px),padding-bottom,44px,space.12,48px,changed,44px tie — rounded up
radius,assets/css/base.css,:where(.pg-enterprise-ux) .stats-bar,(max-width: 860px),border-radius,18px,radius.lg,20px,changed,
spacing,assets/css/base.css,:where(.pg-enterprise-ux) .stats-bar,(max-width: 860px),padding,4px 20px,space.1 space.5,4px 20px,same,
spacing,assets/css/base.css,:where(.pg-enterprise-ux) .stat,(max-width: 860px),padding,18px 0,space.5,20px 0,changed,18px tie — rounded up
color,assets/css/base.css,:where(.pg-enterprise-ux) .stat,(max-width: 860px),border-bottom,var(--line),color.border.subtle,var(--pm-color-border-subtle),same,
font-size,assets/css/base.css,:where(.pg-enterprise-ux) .stat b,(max-width: 860px),font-size,26px,typography.heading-lg,28px (mobile end of heading-lg),changed,tie between two roles — rounded up; review
font-size,assets/css/base.css,:where(.pg-enterprise-ux) .stat span,(max-width: 860px),font-size,12px,typography.caption,12px (mobile end of caption),same,
spacing,assets/css/base.css,:where(.pg-enterprise-ux) .workshop-section,,padding-bottom,80px,space.20,80px,same,
radius,assets/css/base.css,:where(.pg-enterprise-ux) .workshop-photo,,border-radius,20px,radius.lg,20px,same,
color,assets/css/base.css,:where(.pg-enterprise-ux) .workshop-photo,,border,var(--line),color.border.subtle,var(--pm-color-border-subtle),same,
spacing,assets/css/base.css,:where(.pg-enterprise-ux) .workshop-section,(max-width: 860px),padding-bottom,44px,space.12,48px,changed,44px tie — rounded up
radius,assets/css/base.css,:where(.pg-enterprise-ux) .workshop-photo,(max-width: 860px),border-radius,16px,radius.lg,20px,changed,
spacing,assets/css/base.css,:where(.pg-enterprise-ux) .client-block,,padding-bottom,60px,space.16,64px,changed,60px tie — rounded up
spacing,assets/css/base.css,:where(.pg-enterprise-ux) .client-block,,gap,60px,space.16,64px,changed,60px tie — rounded up
font-size,assets/css/base.css,:where(.pg-enterprise-ux) .client-block h2,,font-size,30px,typography.heading-md,32px (desktop end of heading-md),changed,
spacing,assets/css/base.css,:where(.pg-enterprise-ux) .client-block h2,,margin-top,20px,space.5,20px,same,
color,assets/css/base.css,:where(.pg-enterprise-ux) .client-block .client-subtitle,,color,var(--ink-faint),color.text.tertiary,var(--pm-color-text-tertiary),changed,
font-size,assets/css/base.css,:where(.pg-enterprise-ux) .client-block .client-subtitle,,font-size,12px,typography.caption,12px (desktop end of caption),same,
spacing,assets/css/base.css,:where(.pg-enterprise-ux) .client-block .client-subtitle,,margin-top,4px,space.1,4px,same,
color,assets/css/base.css,:where(.pg-enterprise-ux) .client-copy p,,color,var(--ink-dim),color.text.secondary,var(--pm-color-text-secondary),same,
font-size,assets/css/base.css,:where(.pg-enterprise-ux) .client-copy p,,font-size,16px,typography.body,16px (desktop end of body),same,
line-height,assets/css/base.css,:where(.pg-enterprise-ux) .client-copy p,,line-height,1.7,font.line-height.relaxed,1.65,changed,
spacing,assets/css/base.css,:where(.pg-enterprise-ux) .client-copy p + p,,margin-top,16px,space.4,16px,same,
color,assets/css/base.css,:where(.pg-enterprise-ux) .client-copy p b,,color,var(--ink),color.text.primary,var(--pm-color-text-primary),same,
spacing,assets/css/base.css,:where(.pg-enterprise-ux) .client-link,,gap,6px,space.2,8px,changed,6px tie — rounded up
spacing,assets/css/base.css,:where(.pg-enterprise-ux) .client-link,,margin-top,14px,space.4,16px,changed,14px tie — rounded up
font-size,assets/css/base.css,:where(.pg-enterprise-ux) .client-link,,font-size,13px,typography.small,14px (desktop end of small),changed,tie between two roles — rounded up; review
color,assets/css/base.css,:where(.pg-enterprise-ux) .client-link,,color,var(--cyan),color.accent.secondary,var(--pm-color-accent-secondary),same,
spacing,assets/css/base.css,:where(.pg-enterprise-ux) .client-quote,,margin-top,20px,space.5,20px,same,
spacing,assets/css/base.css,:where(.pg-enterprise-ux) .client-quote,,padding,22px,space.6,24px,changed,22px tie — rounded up
font-size,assets/css/base.css,:where(.pg-enterprise-ux) .client-quote p,,font-size,18px,typography.body-lg,18px (desktop end of body-lg),same,
line-height,assets/css/base.css,:where(.pg-enterprise-ux) .client-quote p,,line-height,1.5,font.line-height.normal,1.5,same,
color,assets/css/base.css,:where(.pg-enterprise-ux) .client-quote p,,color,var(--ink),color.text.primary,var(--pm-color-text-primary),same,
color,assets/css/base.css,:where(.pg-enterprise-ux) .client-divider,,border-top,var(--line),color.border.subtle,var(--pm-color-border-subtle),same,
spacing,assets/css/base.css,:where(.pg-enterprise-ux) .client-block,(max-width: 860px),padding-bottom,40px,space.10,40px,same,
font-size,assets/css/base.css,:where(.pg-enterprise-ux) .client-block h2,(max-width: 860px),font-size,22px,typography.heading-md,24px (mobile end of heading-md),changed,tie between two roles — rounded up; review
font-size,assets/css/base.css,:where(.pg-enterprise-ux) .client-copy p,(max-width: 860px),font-size,16px,typography.body,16px (mobile end of body),same,
line-height,assets/css/base.css,:where(.pg-enterprise-ux) .client-copy p,(max-width: 860px),line-height,1.65,font.line-height.relaxed,1.65,same,
spacing,assets/css/base.css,:where(.pg-enterprise-ux) .client-copy p:first-child,(max-width: 860px),margin-top,14px,space.4,16px,changed,14px tie — rounded up
spacing,assets/css/base.css,:where(.pg-enterprise-ux) .client-copy p + p,(max-width: 860px),margin-top,12px,space.3,12px,same,
spacing,assets/css/base.css,:where(.pg-enterprise-ux) .client-link,(max-width: 860px),margin-top,12px,space.3,12px,same,
spacing,assets/css/base.css,:where(.pg-enterprise-ux) .client-quote,(max-width: 860px),margin-top,16px,space.4,16px,same,
spacing,assets/css/base.css,:where(.pg-enterprise-ux) .client-quote,(max-width: 860px),padding,22px,space.6,24px,changed,22px tie — rounded up
font-size,assets/css/base.css,:where(.pg-enterprise-ux) .client-quote p,(max-width: 860px),font-size,18px,typography.body-lg,18px (mobile end of body-lg),same,
color,assets/css/base.css,:where(.pg-enterprise-ux) .footer-cta,,border-top,var(--line),color.border.subtle,var(--pm-color-border-subtle),same,
spacing,assets/css/base.css,:where(.pg-enterprise-ux) .footer-cta,,padding,70px 0,space.16,64px 0,changed,
font-size,assets/css/base.css,:where(.pg-enterprise-ux) .footer-cta h2,,font-size,34px,typography.heading-md,32px (desktop end of heading-md),changed,
spacing,assets/css/base.css,:where(.pg-enterprise-ux) .footer-cta h2,,margin,0 auto 32px,space.8,0 auto 32px,same,
line-height,assets/css/base.css,:where(.pg-enterprise-ux) .footer-cta h2,,line-height,1.3,font.line-height.snug,1.25,changed,
spacing,assets/css/base.css,:where(.pg-enterprise-ux) .cta-actions,,gap,48px,space.12,48px,same,
spacing,assets/css/base.css,:where(.pg-enterprise-ux) .footer-cta,(max-width: 860px),padding,48px 0,space.12,48px 0,same,
font-size,assets/css/base.css,:where(.pg-enterprise-ux) .footer-cta h2,(max-width: 860px),font-size,24px,typography.heading-md,24px (mobile end of heading-md),same,
spacing,assets/css/base.css,:where(.pg-enterprise-ux) .footer-cta h2,(max-width: 860px),margin-bottom,22px,space.6,24px,changed,22px tie — rounded up
line-height,assets/css/base.css,:where(.pg-enterprise-ux) .footer-cta h2,(max-width: 860px),line-height,1.3,font.line-height.snug,1.25,changed,
spacing,assets/css/base.css,:where(.pg-enterprise-ux) .cta-actions,(max-width: 860px),gap,36px,space.10,40px,changed,36px tie — rounded up
spacing,assets/css/base.css,:where(.pg-enterprise-ux) .site-footer .wrap,,gap,6px,space.2,8px,changed,6px tie — rounded up
color,assets/css/base.css,:where(.pg-enterprise-ux) .site-footer .wrap,,color,var(--ink-faint),color.text.tertiary,var(--pm-color-text-tertiary),changed,
font-size,assets/css/base.css,:where(.pg-enterprise-ux) .site-footer .wrap,,font-size,12px,typography.caption,12px (desktop end of caption),same,
spacing,assets/css/base.css,:where(.pg-enterprise-ux) .site-footer .wrap,,padding-top,24px,space.6,24px,same,
spacing,assets/css/base.css,:where(.pg-enterprise-ux) .site-footer .wrap,,padding-bottom,24px,space.6,24px,same,
spacing,assets/css/base.css,:where(.pg-enterprise-ux) .site-footer .wrap,(min-width: 861px),gap,12px,space.3,12px,same,
spacing,assets/css/base.css,:where(.pg-enterprise-ux) .site-footer .wrap,(min-width: 861px),padding-top,32px,space.8,32px,same,
spacing,assets/css/base.css,:where(.pg-enterprise-ux) .site-footer .wrap,(min-width: 861px),padding-bottom,32px,space.8,32px,same,
spacing,assets/css/base.css,:where(.pg-enterprise-ux) .cs-top-nav,,padding-top,14px,space.4,16px,changed,14px tie — rounded up
spacing,assets/css/base.css,:where(.pg-enterprise-ux) .cs-top-nav,(max-width: 860px),padding-top,10px,space.3,12px,changed,10px tie — rounded up
spacing,assets/css/base.css,:where(.pg-fleet-portal) .nav-links,,gap,36px,space.10,40px,changed,36px tie — rounded up
font-size,assets/css/base.css,:where(.pg-fleet-portal) .badge-label,,font-size,11px,typography.caption,12px (desktop end of caption),changed,raised from 11px (legibility floor 12px)
letter-spacing,assets/css/base.css,:where(.pg-fleet-portal) .badge-label,,letter-spacing,.05em,font.tracking.caps,0.05em,same,
font-size,assets/css/base.css,:where(.pg-fleet-portal) .badge-label,(max-width: 860px),font-size,9px,typography.caption,12px (mobile end of caption),changed,raised from 9px (legibility floor 12px)
letter-spacing,assets/css/base.css,:where(.pg-fleet-portal) .badge-label,(max-width: 860px),letter-spacing,.04em,font.tracking.caps,0.05em,changed,
font-size,assets/css/base.css,:where(.pg-fleet-portal) .hero h1,,font-size,46px,typography.display-md,60px (desktop end of display-md),changed,role by element (h1)
line-height,assets/css/base.css,:where(.pg-fleet-portal) .hero h1,,line-height,1.12,font.line-height.tight,1.1,changed,
spacing,assets/css/base.css,:where(.pg-fleet-portal) .hero h1,,margin-top,24px,space.6,24px,same,
font-size,assets/css/base.css,:where(.pg-fleet-portal) .hero-sub,,font-size,19px,typography.lead,20px (desktop end of lead),changed,tie between two roles — rounded up; review
line-height,assets/css/base.css,:where(.pg-fleet-portal) .hero-sub,,line-height,1.6,font.line-height.relaxed,1.65,changed,
color,assets/css/base.css,:where(.pg-fleet-portal) .hero-sub,,color,var(--ink-dim),color.text.secondary,var(--pm-color-text-secondary),same,
spacing,assets/css/base.css,:where(.pg-fleet-portal) .hero-sub,,margin-top,20px,space.5,20px,same,
font-size,assets/css/base.css,:where(.pg-fleet-portal) .hero h1,(max-width: 860px),font-size,28px,typography.display-md,36px (mobile end of display-md),changed,role by element (h1)
line-height,assets/css/base.css,:where(.pg-fleet-portal) .hero h1,(max-width: 860px),line-height,1.18,font.line-height.snug,1.25,changed,
spacing,assets/css/base.css,:where(.pg-fleet-portal) .hero h1,(max-width: 860px),margin-top,18px,space.5,20px,changed,18px tie — rounded up
font-size,assets/css/base.css,:where(.pg-fleet-portal) .hero-sub,(max-width: 860px),font-size,15px,typography.body,16px (mobile end of body),changed,tie between two roles — rounded up; review
spacing,assets/css/base.css,:where(.pg-fleet-portal) .hero-sub,(max-width: 860px),margin-top,14px,space.4,16px,changed,14px tie — rounded up
color,assets/css/base.css,:where(.pg-fleet-portal) .stats-row,,border,var(--line),color.border.subtle,var(--pm-color-border-subtle),same,
radius,assets/css/base.css,:where(.pg-fleet-portal) .stats-row,,border-radius,20px,radius.lg,20px,same,
color,assets/css/base.css,:where(.pg-fleet-portal) .stats-row,,background,var(--bg-card),color.surface.card,var(--pm-color-surface-card),same,
spacing,assets/css/base.css,:where(.pg-fleet-portal) .stat,,gap,4px,space.1,4px,same,
spacing,assets/css/base.css,:where(.pg-fleet-portal) .stat,,padding,20px 24px,space.5 space.6,20px 24px,same,
color,assets/css/base.css,:where(.pg-fleet-portal) .stat,,border-left,var(--line),color.border.subtle,var(--pm-color-border-subtle),same,
font-size,assets/css/base.css,:where(.pg-fleet-portal) .stat b,,font-size,32px,typography.heading-md,32px (desktop end of heading-md),same,
font-weight,assets/css/base.css,:where(.pg-fleet-portal) .stat b,,font-weight,400,font.weight.regular,400,same,
color,assets/css/base.css,:where(.pg-fleet-portal) .stat span,,color,var(--ink-faint),color.text.tertiary,var(--pm-color-text-tertiary),changed,
font-size,assets/css/base.css,:where(.pg-fleet-portal) .stat span,,font-size,13px,typography.small,14px (desktop end of small),changed,tie between two roles — rounded up; review
radius,assets/css/base.css,:where(.pg-fleet-portal) .stats-row,(max-width: 860px),border-radius,18px,radius.lg,20px,changed,
spacing,assets/css/base.css,:where(.pg-fleet-portal) .stats-row,(max-width: 860px),padding,4px 20px,space.1 space.5,4px 20px,same,
spacing,assets/css/base.css,:where(.pg-fleet-portal) .stat,(max-width: 860px),padding,18px 0,space.5,20px 0,changed,18px tie — rounded up
color,assets/css/base.css,:where(.pg-fleet-portal) .stat,(max-width: 860px),border-bottom,var(--line),color.border.subtle,var(--pm-color-border-subtle),same,
font-size,assets/css/base.css,:where(.pg-fleet-portal) .stat b,(max-width: 860px),font-size,26px,typography.heading-lg,28px (mobile end of heading-lg),changed,tie between two roles — rounded up; review
font-size,assets/css/base.css,:where(.pg-fleet-portal) .stat span,(max-width: 860px),font-size,12px,typography.caption,12px (mobile end of caption),same,
spacing,assets/css/base.css,:where(.pg-fleet-portal) .visual-grid,,gap,20px,space.5,20px,same,
spacing,assets/css/base.css,:where(.pg-fleet-portal) .visual-grid,,margin-top,40px,space.10,40px,same,
spacing,assets/css/base.css,:where(.pg-fleet-portal) .visual-grid,(max-width: 860px),gap,14px,space.4,16px,changed,14px tie — rounded up
spacing,assets/css/base.css,:where(.pg-fleet-portal) .visual-grid,(max-width: 860px),margin-top,24px,space.6,24px,same,
color,assets/css/base.css,:where(.pg-fleet-portal) .shot-placeholder,,border,"rgba(255, 255, 255, .25)",color.border.strong,var(--pm-color-border-strong),changed,
radius,assets/css/base.css,:where(.pg-fleet-portal) .shot-placeholder,,border-radius,14px,radius.md,12px,changed,
color,assets/css/base.css,:where(.pg-fleet-portal) .shot-placeholder,,background,var(--bg-card),color.surface.card,var(--pm-color-surface-card),same,
spacing,assets/css/base.css,:where(.pg-fleet-portal) .shot-placeholder,,gap,10px,space.3,12px,changed,10px tie — rounded up
color,assets/css/base.css,:where(.pg-fleet-portal) .shot-placeholder,,color,var(--ink-faint),color.text.tertiary,var(--pm-color-text-tertiary),changed,
spacing,assets/css/base.css,:where(.pg-fleet-portal) .shot-placeholder,,padding,24px,space.6,24px,same,
font-size,assets/css/base.css,:where(.pg-fleet-portal) .shot-placeholder span,,font-size,12px,typography.caption,12px (desktop end of caption),same,
line-height,assets/css/base.css,:where(.pg-fleet-portal) .shot-placeholder span,,line-height,1.5,font.line-height.normal,1.5,same,
spacing,assets/css/base.css,:where(.pg-fleet-portal) .shot-placeholder,(max-width: 860px),gap,8px,space.2,8px,same,
spacing,assets/css/base.css,:where(.pg-fleet-portal) .shot-placeholder,(max-width: 860px),padding,20px,space.5,20px,same,
font-size,assets/css/base.css,:where(.pg-fleet-portal) .shot-placeholder span,(max-width: 860px),font-size,11px,typography.caption,12px (mobile end of caption),changed,raised from 11px (legibility floor 12px)
font-size,assets/css/base.css,:where(.pg-fleet-portal) .visual-card h3,,font-size,18px,typography.body-lg,18px (desktop end of body-lg),same,
spacing,assets/css/base.css,:where(.pg-fleet-portal) .visual-card h3,,margin-top,18px,space.5,20px,changed,18px tie — rounded up
color,assets/css/base.css,:where(.pg-fleet-portal) .visual-card h3,,color,var(--ink),color.text.primary,var(--pm-color-text-primary),same,
color,assets/css/base.css,:where(.pg-fleet-portal) .visual-card p,,color,var(--ink-dim),color.text.secondary,var(--pm-color-text-secondary),same,
font-size,assets/css/base.css,:where(.pg-fleet-portal) .visual-card p,,font-size,14px,typography.small,14px (desktop end of small),same,
line-height,assets/css/base.css,:where(.pg-fleet-portal) .visual-card p,,line-height,1.6,font.line-height.relaxed,1.65,changed,
spacing,assets/css/base.css,:where(.pg-fleet-portal) .visual-card p,,margin-top,8px,space.2,8px,same,
font-size,assets/css/base.css,:where(.pg-fleet-portal) .visual-card h3,(max-width: 860px),font-size,16px,typography.body,16px (mobile end of body),same,
spacing,assets/css/base.css,:where(.pg-fleet-portal) .visual-card h3,(max-width: 860px),margin-top,14px,space.4,16px,changed,14px tie — rounded up
font-size,assets/css/base.css,:where(.pg-fleet-portal) .visual-card p,(max-width: 860px),font-size,13px,typography.small,14px (mobile end of small),changed,tie between two roles — rounded up; review
spacing,assets/css/base.css,:where(.pg-fleet-portal) .visual-card p,(max-width: 860px),margin-top,6px,space.2,8px,changed,6px tie — rounded up
spacing,assets/css/base.css,:where(.pg-fleet-portal) .split-section,,gap,60px,space.16,64px,changed,60px tie — rounded up
font-size,assets/css/base.css,:where(.pg-fleet-portal) .split-section h2,,font-size,34px,typography.heading-md,32px (desktop end of heading-md),changed,
color,assets/css/base.css,:where(.pg-fleet-portal) .split-section .copy p,,color,var(--ink-dim),color.text.secondary,var(--pm-color-text-secondary),same,
font-size,assets/css/base.css,:where(.pg-fleet-portal) .split-section .copy p,,font-size,17px,typography.body-lg,18px (desktop end of body-lg),changed,tie between two roles — rounded up; review
line-height,assets/css/base.css,:where(.pg-fleet-portal) .split-section .copy p,,line-height,1.7,font.line-height.relaxed,1.65,changed,
spacing,assets/css/base.css,:where(.pg-fleet-portal) .split-section .copy p + p,,margin-top,16px,space.4,16px,same,
font-size,assets/css/base.css,:where(.pg-fleet-portal) .split-section h2,(max-width: 860px),font-size,24px,typography.heading-md,24px (mobile end of heading-md),same,
spacing,assets/css/base.css,:where(.pg-fleet-portal) .split-section h2,(max-width: 860px),margin-bottom,14px,space.4,16px,changed,14px tie — rounded up
font-size,assets/css/base.css,:where(.pg-fleet-portal) .split-section .copy p,(max-width: 860px),font-size,15px,typography.body,16px (mobile end of body),changed,tie between two roles — rounded up; review
line-height,assets/css/base.css,:where(.pg-fleet-portal) .split-section .copy p,(max-width: 860px),line-height,1.7,font.line-height.relaxed,1.65,changed,
spacing,assets/css/base.css,:where(.pg-fleet-portal) .step,,gap,24px,space.6,24px,same,
spacing,assets/css/base.css,:where(.pg-fleet-portal) .step,,padding-bottom,44px,space.12,48px,changed,44px tie — rounded up
color,assets/css/base.css,:where(.pg-fleet-portal) .step-line,,background,var(--line),color.border.subtle,var(--pm-color-border-subtle),same,
radius,assets/css/base.css,:where(.pg-fleet-portal) .step-num,,border-radius,50%,radius.full,50% (circle — keep),same,
color,assets/css/base.css,:where(.pg-fleet-portal) .step-num,,background,var(--bg-card),color.surface.card,var(--pm-color-surface-card),same,
color,assets/css/base.css,:where(.pg-fleet-portal) .step-num,,border,var(--line),color.border.subtle,var(--pm-color-border-subtle),same,
font-size,assets/css/base.css,:where(.pg-fleet-portal) .step-num,,font-size,20px,typography.lead,20px (desktop end of lead),same,
motion,assets/css/base.css,:where(.pg-fleet-portal) .step-num,,transition,5s,"(ambient/looping — keep, add reduced-motion stop)",5s,excluded,
font-size,assets/css/base.css,:where(.pg-fleet-portal) .step h3,,font-size,19px,typography.lead,20px (desktop end of lead),changed,tie between two roles — rounded up; review
color,assets/css/base.css,:where(.pg-fleet-portal) .step h3,,color,var(--ink),color.text.primary,var(--pm-color-text-primary),same,
color,assets/css/base.css,:where(.pg-fleet-portal) .step p,,color,var(--ink-dim),color.text.secondary,var(--pm-color-text-secondary),same,
font-size,assets/css/base.css,:where(.pg-fleet-portal) .step p,,font-size,15px,typography.body,16px (desktop end of body),changed,tie between two roles — rounded up; review
line-height,assets/css/base.css,:where(.pg-fleet-portal) .step p,,line-height,1.65,font.line-height.relaxed,1.65,same,
spacing,assets/css/base.css,:where(.pg-fleet-portal) .step p,,margin-top,8px,space.2,8px,same,
spacing,assets/css/base.css,:where(.pg-fleet-portal) .step,(max-width: 860px),gap,16px,space.4,16px,same,
spacing,assets/css/base.css,:where(.pg-fleet-portal) .step,(max-width: 860px),padding-bottom,32px,space.8,32px,same,
font-size,assets/css/base.css,:where(.pg-fleet-portal) .step-num,(max-width: 860px),font-size,17px,typography.lead,17px (mobile end of lead),same,
font-size,assets/css/base.css,:where(.pg-fleet-portal) .step h3,(max-width: 860px),font-size,16px,typography.body,16px (mobile end of body),same,
font-size,assets/css/base.css,:where(.pg-fleet-portal) .step p,(max-width: 860px),font-size,14px,typography.small,14px (mobile end of small),same,
spacing,assets/css/base.css,:where(.pg-fleet-portal) .step p,(max-width: 860px),margin-top,6px,space.2,8px,changed,6px tie — rounded up
spacing,assets/css/base.css,:where(.pg-fleet-portal) .check-row,,gap,16px,space.4,16px,same,
spacing,assets/css/base.css,:where(.pg-fleet-portal) .check-row,,padding,18px 0,space.5,20px 0,changed,18px tie — rounded up
color,assets/css/base.css,:where(.pg-fleet-portal) .check-row,,border-bottom,var(--line),color.border.subtle,var(--pm-color-border-subtle),same,
font-size,assets/css/base.css,:where(.pg-fleet-portal) .check-row p,,font-size,16px,typography.body,16px (desktop end of body),same,
line-height,assets/css/base.css,:where(.pg-fleet-portal) .check-row p,,line-height,1.6,font.line-height.relaxed,1.65,changed,
radius,assets/css/base.css,:where(.pg-fleet-portal) .check,,border-radius,50%,radius.full,50% (circle — keep),same,
color,assets/css/base.css,:where(.pg-fleet-portal) .check,,background,var(--grad),gradient.brand,var(--pm-gradient-brand),same,
color,assets/css/base.css,:where(.pg-fleet-portal) .check,,color,#0A0C10,color.text.on-accent,var(--pm-color-text-on-accent),same,
font-size,assets/css/base.css,:where(.pg-fleet-portal) .check,,font-size,17px,typography.body-lg,18px (desktop end of body-lg),changed,tie between two roles — rounded up; review
font-weight,assets/css/base.css,:where(.pg-fleet-portal) .check,,font-weight,700,font.weight.bold,700,same,
spacing,assets/css/base.css,:where(.pg-fleet-portal) .check-row,(max-width: 860px),gap,14px,space.4,16px,changed,14px tie — rounded up
spacing,assets/css/base.css,:where(.pg-fleet-portal) .check-row,(max-width: 860px),padding,16px 0,space.4,16px 0,same,
font-size,assets/css/base.css,:where(.pg-fleet-portal) .check-row p,(max-width: 860px),font-size,14px,typography.small,14px (mobile end of small),same,
font-size,assets/css/base.css,:where(.pg-fleet-portal) .check,(max-width: 860px),font-size,15px,typography.body,16px (mobile end of body),changed,tie between two roles — rounded up; review
font-size,assets/css/base.css,:where(.pg-fleet-portal) .quote-card p,,font-size,24px,typography.heading-sm,24px (desktop end of heading-sm),same,
line-height,assets/css/base.css,:where(.pg-fleet-portal) .quote-card p,,line-height,1.5,font.line-height.normal,1.5,same,
spacing,assets/css/base.css,:where(.pg-fleet-portal) .quote-card,(max-width: 860px),padding,24px,space.6,24px,same,
font-size,assets/css/base.css,:where(.pg-fleet-portal) .quote-card p,(max-width: 860px),font-size,19px,typography.heading-sm,20px (mobile end of heading-sm),changed,tie between two roles — rounded up; review
spacing,assets/css/base.css,:where(.pg-fleet-portal) .section,,padding,0 0 100px,space.24,0 0 96px,changed,
spacing,assets/css/base.css,:where(.pg-fleet-portal) .section,(max-width: 860px),padding,0 0 56px,space.14,0 0 56px,same,
spacing,assets/css/base.css,:where(.pg-fleet-portal) .case-nav-actions,,gap,36px,space.10,40px,changed,36px tie — rounded up
spacing,assets/css/base.css,:where(.pg-fleet-portal) .case-nav-actions,(min-width: 861px),gap,48px,space.12,48px,same,
spacing,assets/css/base.css,:where(.pg-fleet-portal) .site-footer .wrap,,gap,6px,space.2,8px,changed,6px tie — rounded up
color,assets/css/base.css,:where(.pg-fleet-portal) .site-footer .wrap,,color,var(--ink-faint),color.text.tertiary,var(--pm-color-text-tertiary),changed,
font-size,assets/css/base.css,:where(.pg-fleet-portal) .site-footer .wrap,,font-size,12px,typography.caption,12px (desktop end of caption),same,
spacing,assets/css/base.css,:where(.pg-fleet-portal) .site-footer .wrap,,padding,24px 0,space.6,24px 0,same,
spacing,assets/css/base.css,:where(.pg-fleet-portal) .site-footer .wrap,(min-width: 861px),gap,12px,space.3,12px,same,
spacing,assets/css/base.css,:where(.pg-fleet-portal) .site-footer .wrap,(min-width: 861px),padding,32px 0,space.8,32px 0,same,
spacing,assets/css/base.css,:where(.pg-fleet-portal) .cs-top-nav,,padding-top,14px,space.4,16px,changed,14px tie — rounded up
spacing,assets/css/base.css,:where(.pg-fleet-portal) .cs-top-nav,(max-width: 860px),padding-top,10px,space.3,12px,changed,10px tie — rounded up
spacing,assets/css/base.css,:where(.pg-home-connections) .nav-links,,gap,36px,space.10,40px,changed,36px tie — rounded up
font-size,assets/css/base.css,:where(.pg-home-connections) .badge-label,,font-size,11px,typography.caption,12px (desktop end of caption),changed,raised from 11px (legibility floor 12px)
letter-spacing,assets/css/base.css,:where(.pg-home-connections) .badge-label,,letter-spacing,.05em,font.tracking.caps,0.05em,same,
font-size,assets/css/base.css,:where(.pg-home-connections) .badge-label,(max-width: 860px),font-size,9px,typography.caption,12px (mobile end of caption),changed,raised from 9px (legibility floor 12px)
letter-spacing,assets/css/base.css,:where(.pg-home-connections) .badge-label,(max-width: 860px),letter-spacing,.04em,font.tracking.caps,0.05em,changed,
spacing,assets/css/base.css,:where(.pg-home-connections) .hc-hero,,padding,48px 0 60px,space.12 space.16,48px 0 64px,changed,60px tie — rounded up
font-size,assets/css/base.css,:where(.pg-home-connections) .hc-hero h1,,font-size,48px,typography.display-md,60px (desktop end of display-md),changed,role by element (h1)
line-height,assets/css/base.css,:where(.pg-home-connections) .hc-hero h1,,line-height,1.12,font.line-height.tight,1.1,changed,
spacing,assets/css/base.css,:where(.pg-home-connections) .hc-hero h1,,margin-top,24px,space.6,24px,same,
font-size,assets/css/base.css,:where(.pg-home-connections) .hc-hero-sub,,font-size,19px,typography.lead,20px (desktop end of lead),changed,tie between two roles — rounded up; review
line-height,assets/css/base.css,:where(.pg-home-connections) .hc-hero-sub,,line-height,1.6,font.line-height.relaxed,1.65,changed,
color,assets/css/base.css,:where(.pg-home-connections) .hc-hero-sub,,color,var(--ink-dim),color.text.secondary,var(--pm-color-text-secondary),same,
spacing,assets/css/base.css,:where(.pg-home-connections) .hc-hero-sub,,margin-top,20px,space.5,20px,same,
spacing,assets/css/base.css,:where(.pg-home-connections) .hc-hero,(max-width: 860px),padding,24px 0 36px,space.6 space.10,24px 0 40px,changed,36px tie — rounded up
font-size,assets/css/base.css,:where(.pg-home-connections) .hc-hero h1,(max-width: 860px),font-size,30px,typography.display-md,36px (mobile end of display-md),changed,role by element (h1)
line-height,assets/css/base.css,:where(.pg-home-connections) .hc-hero h1,(max-width: 860px),line-height,1.18,font.line-height.snug,1.25,changed,
spacing,assets/css/base.css,:where(.pg-home-connections) .hc-hero h1,(max-width: 860px),margin-top,18px,space.5,20px,changed,18px tie — rounded up
font-size,assets/css/base.css,:where(.pg-home-connections) .hc-hero-sub,(max-width: 860px),font-size,15px,typography.body,16px (mobile end of body),changed,tie between two roles — rounded up; review
spacing,assets/css/base.css,:where(.pg-home-connections) .hc-hero-sub,(max-width: 860px),margin-top,14px,space.4,16px,changed,14px tie — rounded up
spacing,assets/css/base.css,:where(.pg-home-connections) .hc-stats-wrap,,padding,0 0 80px,space.20,0 0 80px,same,
color,assets/css/base.css,:where(.pg-home-connections) .hc-stats,,border,var(--line),color.border.subtle,var(--pm-color-border-subtle),same,
radius,assets/css/base.css,:where(.pg-home-connections) .hc-stats,,border-radius,20px,radius.lg,20px,same,
color,assets/css/base.css,:where(.pg-home-connections) .hc-stats,,background,var(--bg-card),color.surface.card,var(--pm-color-surface-card),same,
spacing,assets/css/base.css,:where(.pg-home-connections) .stat,,gap,4px,space.1,4px,same,
spacing,assets/css/base.css,:where(.pg-home-connections) .stat,,padding,20px 24px,space.5 space.6,20px 24px,same,
color,assets/css/base.css,:where(.pg-home-connections) .stat,,border-left,var(--line),color.border.subtle,var(--pm-color-border-subtle),same,
font-size,assets/css/base.css,:where(.pg-home-connections) .stat b,,font-size,32px,typography.heading-md,32px (desktop end of heading-md),same,
font-weight,assets/css/base.css,:where(.pg-home-connections) .stat b,,font-weight,400,font.weight.regular,400,same,
motion,assets/css/base.css,:where(.pg-home-connections) .stat b,,transition,5s,"(ambient/looping — keep, add reduced-motion stop)",5s,excluded,
color,assets/css/base.css,:where(.pg-home-connections) .stat span,,color,var(--ink-faint),color.text.tertiary,var(--pm-color-text-tertiary),changed,
font-size,assets/css/base.css,:where(.pg-home-connections) .stat span,,font-size,13px,typography.small,14px (desktop end of small),changed,tie between two roles — rounded up; review
spacing,assets/css/base.css,:where(.pg-home-connections) .hc-stats-wrap,(max-width: 860px),padding,0 0 44px,space.12,0 0 48px,changed,44px tie — rounded up
radius,assets/css/base.css,:where(.pg-home-connections) .hc-stats,(max-width: 860px),border-radius,18px,radius.lg,20px,changed,
spacing,assets/css/base.css,:where(.pg-home-connections) .hc-stats,(max-width: 860px),padding,4px 20px,space.1 space.5,4px 20px,same,
spacing,assets/css/base.css,:where(.pg-home-connections) .stat,(max-width: 860px),padding,18px 0,space.5,20px 0,changed,18px tie — rounded up
color,assets/css/base.css,:where(.pg-home-connections) .stat,(max-width: 860px),border-bottom,var(--line),color.border.subtle,var(--pm-color-border-subtle),same,
font-size,assets/css/base.css,:where(.pg-home-connections) .stat b,(max-width: 860px),font-size,26px,typography.heading-lg,28px (mobile end of heading-lg),changed,tie between two roles — rounded up; review
font-size,assets/css/base.css,:where(.pg-home-connections) .stat span,(max-width: 860px),font-size,12px,typography.caption,12px (mobile end of caption),same,
spacing,assets/css/base.css,:where(.pg-home-connections) .hc-visual,,padding,20px 0 100px,space.5 space.24,20px 0 96px,changed,
font-size,assets/css/base.css,:where(.pg-home-connections) .hc-visual h2,,font-size,38px,typography.heading-lg,40px (desktop end of heading-lg),changed,
line-height,assets/css/base.css,:where(.pg-home-connections) .hc-visual h2,,line-height,1.2,font.line-height.snug,1.25,changed,
color,assets/css/base.css,:where(.pg-home-connections) .hc-visual-sub,,color,var(--ink-dim),color.text.secondary,var(--pm-color-text-secondary),same,
font-size,assets/css/base.css,:where(.pg-home-connections) .hc-visual-sub,,font-size,16px,typography.body,16px (desktop end of body),same,
line-height,assets/css/base.css,:where(.pg-home-connections) .hc-visual-sub,,line-height,1.65,font.line-height.relaxed,1.65,same,
spacing,assets/css/base.css,:where(.pg-home-connections) .hc-visual-sub,,margin-top,20px,space.5,20px,same,
spacing,assets/css/base.css,:where(.pg-home-connections) .hc-visual-grid,,gap,20px,space.5,20px,same,
spacing,assets/css/base.css,:where(.pg-home-connections) .hc-visual-grid,,margin-top,40px,space.10,40px,same,
spacing,assets/css/base.css,:where(.pg-home-connections) .hc-visual,(max-width: 860px),padding,0 0 56px,space.14,0 0 56px,same,
font-size,assets/css/base.css,:where(.pg-home-connections) .hc-visual h2,(max-width: 860px),font-size,24px,typography.heading-md,24px (mobile end of heading-md),same,
line-height,assets/css/base.css,:where(.pg-home-connections) .hc-visual h2,(max-width: 860px),line-height,1.25,font.line-height.snug,1.25,same,
font-size,assets/css/base.css,:where(.pg-home-connections) .hc-visual-sub,(max-width: 860px),font-size,14px,typography.small,14px (mobile end of small),same,
spacing,assets/css/base.css,:where(.pg-home-connections) .hc-visual-sub,(max-width: 860px),margin-top,14px,space.4,16px,changed,14px tie — rounded up
spacing,assets/css/base.css,:where(.pg-home-connections) .hc-visual-grid,(max-width: 860px),gap,14px,space.4,16px,changed,14px tie — rounded up
spacing,assets/css/base.css,:where(.pg-home-connections) .hc-visual-grid,(max-width: 860px),margin-top,24px,space.6,24px,same,
color,assets/css/base.css,:where(.pg-home-connections) .shot-placeholder,,border,"rgba(255,255,255,.25)",color.border.strong,var(--pm-color-border-strong),changed,
radius,assets/css/base.css,:where(.pg-home-connections) .shot-placeholder,,border-radius,14px,radius.md,12px,changed,
color,assets/css/base.css,:where(.pg-home-connections) .shot-placeholder,,background,var(--bg-card),color.surface.card,var(--pm-color-surface-card),same,
spacing,assets/css/base.css,:where(.pg-home-connections) .shot-placeholder,,gap,10px,space.3,12px,changed,10px tie — rounded up
color,assets/css/base.css,:where(.pg-home-connections) .shot-placeholder,,color,var(--ink-faint),color.text.tertiary,var(--pm-color-text-tertiary),changed,
spacing,assets/css/base.css,:where(.pg-home-connections) .shot-placeholder,,padding,24px,space.6,24px,same,
font-size,assets/css/base.css,:where(.pg-home-connections) .shot-placeholder span,,font-size,12px,typography.caption,12px (desktop end of caption),same,
line-height,assets/css/base.css,:where(.pg-home-connections) .shot-placeholder span,,line-height,1.5,font.line-height.normal,1.5,same,
font-size,assets/css/base.css,:where(.pg-home-connections) .card h3,,font-size,18px,typography.body-lg,18px (desktop end of body-lg),same,
spacing,assets/css/base.css,:where(.pg-home-connections) .card h3,,margin-top,18px,space.5,20px,changed,18px tie — rounded up
color,assets/css/base.css,:where(.pg-home-connections) .card h3,,color,var(--ink),color.text.primary,var(--pm-color-text-primary),same,
color,assets/css/base.css,:where(.pg-home-connections) .card > p,,color,var(--ink-dim),color.text.secondary,var(--pm-color-text-secondary),same,
font-size,assets/css/base.css,:where(.pg-home-connections) .card > p,,font-size,14px,typography.small,14px (desktop end of small),same,
line-height,assets/css/base.css,:where(.pg-home-connections) .card > p,,line-height,1.6,font.line-height.relaxed,1.65,changed,
spacing,assets/css/base.css,:where(.pg-home-connections) .card > p,,margin-top,8px,space.2,8px,same,
spacing,assets/css/base.css,:where(.pg-home-connections) .shot-placeholder,(max-width: 860px),gap,8px,space.2,8px,same,
spacing,assets/css/base.css,:where(.pg-home-connections) .shot-placeholder,(max-width: 860px),padding,20px,space.5,20px,same,
font-size,assets/css/base.css,:where(.pg-home-connections) .shot-placeholder span,(max-width: 860px),font-size,11px,typography.caption,12px (mobile end of caption),changed,raised from 11px (legibility floor 12px)
font-size,assets/css/base.css,:where(.pg-home-connections) .card h3,(max-width: 860px),font-size,16px,typography.body,16px (mobile end of body),same,
spacing,assets/css/base.css,:where(.pg-home-connections) .card h3,(max-width: 860px),margin-top,14px,space.4,16px,changed,14px tie — rounded up
font-size,assets/css/base.css,:where(.pg-home-connections) .card > p,(max-width: 860px),font-size,13px,typography.small,14px (mobile end of small),changed,tie between two roles — rounded up; review
spacing,assets/css/base.css,:where(.pg-home-connections) .card > p,(max-width: 860px),margin-top,6px,space.2,8px,changed,6px tie — rounded up
spacing,assets/css/base.css,:where(.pg-home-connections) .sidebar-section,,gap,60px,space.16,64px,changed,60px tie — rounded up
font-size,assets/css/base.css,:where(.pg-home-connections) .sidebar-section h2,,font-size,34px,typography.heading-md,32px (desktop end of heading-md),changed,
color,assets/css/base.css,:where(.pg-home-connections) .sidebar-section p,,color,var(--ink-dim),color.text.secondary,var(--pm-color-text-secondary),same,
font-size,assets/css/base.css,:where(.pg-home-connections) .sidebar-section p,,font-size,17px,typography.body-lg,18px (desktop end of body-lg),changed,tie between two roles — rounded up; review
line-height,assets/css/base.css,:where(.pg-home-connections) .sidebar-section p,,line-height,1.7,font.line-height.relaxed,1.65,changed,
spacing,assets/css/base.css,:where(.pg-home-connections) .sidebar-section p + p,,margin-top,16px,space.4,16px,same,
font-size,assets/css/base.css,:where(.pg-home-connections) .sidebar-section h2,(max-width: 860px),font-size,24px,typography.heading-md,24px (mobile end of heading-md),same,
spacing,assets/css/base.css,:where(.pg-home-connections) .sidebar-section h2,(max-width: 860px),margin-bottom,14px,space.4,16px,changed,14px tie — rounded up
font-size,assets/css/base.css,:where(.pg-home-connections) .sidebar-section p,(max-width: 860px),font-size,15px,typography.body,16px (mobile end of body),changed,tie between two roles — rounded up; review
spacing,assets/css/base.css,:where(.pg-home-connections) .hc-challenge,,padding,0 0 100px,space.24,0 0 96px,changed,
spacing,assets/css/base.css,:where(.pg-home-connections) .hc-approach,,padding,0 0 100px,space.24,0 0 96px,changed,
spacing,assets/css/base.css,:where(.pg-home-connections) .hc-growth,,padding,0 0 100px,space.24,0 0 96px,changed,
spacing,assets/css/base.css,:where(.pg-home-connections) .hc-key-learning,,padding,0 0 60px,space.16,0 0 64px,changed,60px tie — rounded up
spacing,assets/css/base.css,:where(.pg-home-connections) .hc-testimonials,,padding,0 0 120px,space.32,0 0 128px,changed,
spacing,assets/css/base.css,:where(.pg-home-connections) .hc-challenge,(max-width: 860px),padding,0 0 56px,space.14,0 0 56px,same,
spacing,assets/css/base.css,:where(.pg-home-connections) .hc-approach,(max-width: 860px),padding,0 0 56px,space.14,0 0 56px,same,
spacing,assets/css/base.css,:where(.pg-home-connections) .hc-approach h2,(max-width: 860px),margin-bottom,20px,space.5,20px,same,
spacing,assets/css/base.css,:where(.pg-home-connections) .hc-growth,(max-width: 860px),padding,0 0 56px,space.14,0 0 56px,same,
spacing,assets/css/base.css,:where(.pg-home-connections) .hc-key-learning,(max-width: 860px),padding,0 0 32px,space.8,0 0 32px,same,
spacing,assets/css/base.css,:where(.pg-home-connections) .hc-testimonials,(max-width: 860px),padding,0 0 64px,space.16,0 0 64px,same,
spacing,assets/css/base.css,:where(.pg-home-connections) .step,,gap,24px,space.6,24px,same,
spacing,assets/css/base.css,:where(.pg-home-connections) .step,,padding-bottom,44px,space.12,48px,changed,44px tie — rounded up
color,assets/css/base.css,:where(.pg-home-connections) .step-line,,background,var(--line),color.border.subtle,var(--pm-color-border-subtle),same,
radius,assets/css/base.css,:where(.pg-home-connections) .step-num,,border-radius,50%,radius.full,50% (circle — keep),same,
color,assets/css/base.css,:where(.pg-home-connections) .step-num,,background,var(--bg-card),color.surface.card,var(--pm-color-surface-card),same,
color,assets/css/base.css,:where(.pg-home-connections) .step-num,,border,var(--line),color.border.subtle,var(--pm-color-border-subtle),same,
font-size,assets/css/base.css,:where(.pg-home-connections) .step-num,,font-size,20px,typography.lead,20px (desktop end of lead),same,
motion,assets/css/base.css,:where(.pg-home-connections) .step-num,,transition,5s,"(ambient/looping — keep, add reduced-motion stop)",5s,excluded,
font-size,assets/css/base.css,:where(.pg-home-connections) .step h3,,font-size,19px,typography.lead,20px (desktop end of lead),changed,tie between two roles — rounded up; review
color,assets/css/base.css,:where(.pg-home-connections) .step h3,,color,var(--ink),color.text.primary,var(--pm-color-text-primary),same,
color,assets/css/base.css,:where(.pg-home-connections) .step p,,color,var(--ink-dim),color.text.secondary,var(--pm-color-text-secondary),same,
font-size,assets/css/base.css,:where(.pg-home-connections) .step p,,font-size,15px,typography.body,16px (desktop end of body),changed,tie between two roles — rounded up; review
line-height,assets/css/base.css,:where(.pg-home-connections) .step p,,line-height,1.65,font.line-height.relaxed,1.65,same,
spacing,assets/css/base.css,:where(.pg-home-connections) .step p,,margin-top,8px,space.2,8px,same,
spacing,assets/css/base.css,:where(.pg-home-connections) .step,(max-width: 860px),gap,16px,space.4,16px,same,
spacing,assets/css/base.css,:where(.pg-home-connections) .step,(max-width: 860px),padding-bottom,32px,space.8,32px,same,
font-size,assets/css/base.css,:where(.pg-home-connections) .step-num,(max-width: 860px),font-size,17px,typography.lead,17px (mobile end of lead),same,
font-size,assets/css/base.css,:where(.pg-home-connections) .step h3,(max-width: 860px),font-size,16px,typography.body,16px (mobile end of body),same,
font-size,assets/css/base.css,:where(.pg-home-connections) .step p,(max-width: 860px),font-size,14px,typography.small,14px (mobile end of small),same,
line-height,assets/css/base.css,:where(.pg-home-connections) .step p,(max-width: 860px),line-height,1.6,font.line-height.relaxed,1.65,changed,
spacing,assets/css/base.css,:where(.pg-home-connections) .step p,(max-width: 860px),margin-top,6px,space.2,8px,changed,6px tie — rounded up
spacing,assets/css/base.css,:where(.pg-home-connections) .hc-outcomes,,padding,100px 0,space.24,96px 0,changed,
font-size,assets/css/base.css,:where(.pg-home-connections) .hc-outcomes h2,,font-size,38px,typography.heading-lg,40px (desktop end of heading-lg),changed,
spacing,assets/css/base.css,:where(.pg-home-connections) .hc-outcomes h2,,margin-bottom,36px,space.10,40px,changed,36px tie — rounded up
spacing,assets/css/base.css,:where(.pg-home-connections) .check-row,,gap,16px,space.4,16px,same,
spacing,assets/css/base.css,:where(.pg-home-connections) .check-row,,padding,18px 0,space.5,20px 0,changed,18px tie — rounded up
color,assets/css/base.css,:where(.pg-home-connections) .check-row,,border-bottom,var(--line),color.border.subtle,var(--pm-color-border-subtle),same,
font-size,assets/css/base.css,:where(.pg-home-connections) .check-row p,,font-size,16px,typography.body,16px (desktop end of body),same,
line-height,assets/css/base.css,:where(.pg-home-connections) .check-row p,,line-height,1.6,font.line-height.relaxed,1.65,changed,
radius,assets/css/base.css,:where(.pg-home-connections) .check,,border-radius,50%,radius.full,50% (circle — keep),same,
color,assets/css/base.css,:where(.pg-home-connections) .check,,background,var(--grad),gradient.brand,var(--pm-gradient-brand),same,
color,assets/css/base.css,:where(.pg-home-connections) .check,,color,#0A0C10,color.text.on-accent,var(--pm-color-text-on-accent),same,
font-size,assets/css/base.css,:where(.pg-home-connections) .check,,font-size,17px,typography.body-lg,18px (desktop end of body-lg),changed,tie between two roles — rounded up; review
font-weight,assets/css/base.css,:where(.pg-home-connections) .check,,font-weight,700,font.weight.bold,700,same,
spacing,assets/css/base.css,:where(.pg-home-connections) .hc-outcomes,(max-width: 860px),padding,56px 0,space.14,56px 0,same,
font-size,assets/css/base.css,:where(.pg-home-connections) .hc-outcomes h2,(max-width: 860px),font-size,26px,typography.heading-lg,28px (mobile end of heading-lg),changed,tie between two roles — rounded up; review
spacing,assets/css/base.css,:where(.pg-home-connections) .hc-outcomes h2,(max-width: 860px),margin-bottom,20px,space.5,20px,same,
spacing,assets/css/base.css,:where(.pg-home-connections) .check-row,(max-width: 860px),gap,14px,space.4,16px,changed,14px tie — rounded up
spacing,assets/css/base.css,:where(.pg-home-connections) .check-row,(max-width: 860px),padding,16px 0,space.4,16px 0,same,
font-size,assets/css/base.css,:where(.pg-home-connections) .check-row p,(max-width: 860px),font-size,14px,typography.small,14px (mobile end of small),same,
font-size,assets/css/base.css,:where(.pg-home-connections) .check,(max-width: 860px),font-size,15px,typography.body,16px (mobile end of body),changed,tie between two roles — rounded up; review
spacing,assets/css/base.css,:where(.pg-home-connections) .hc-key-learning .card,,padding,36px,space.10,40px,changed,36px tie — rounded up
font-size,assets/css/base.css,:where(.pg-home-connections) .hc-key-learning .card p,,font-size,24px,typography.heading-sm,24px (desktop end of heading-sm),same,
line-height,assets/css/base.css,:where(.pg-home-connections) .hc-key-learning .card p,,line-height,1.5,font.line-height.normal,1.5,same,
color,assets/css/base.css,:where(.pg-home-connections) .hc-key-learning .card p,,color,var(--ink),color.text.primary,var(--pm-color-text-primary),same,
spacing,assets/css/base.css,:where(.pg-home-connections) .hc-key-learning .card,(max-width: 860px),padding,22px,space.6,24px,changed,22px tie — rounded up
font-size,assets/css/base.css,:where(.pg-home-connections) .hc-key-learning .card p,(max-width: 860px),font-size,19px,typography.heading-sm,20px (mobile end of heading-sm),changed,tie between two roles — rounded up; review
spacing,assets/css/base.css,:where(.pg-home-connections) .testimonial-card,,padding,32px,space.8,32px,same,
color,assets/css/base.css,:where(.pg-home-connections) .testimonial-card,,border-color,"rgba(255,106,76,.35)",color.border.accent,var(--pm-color-border-accent),same,
font-size,assets/css/base.css,:where(.pg-home-connections) .testimonial-card p,,font-size,16px,typography.body,16px (desktop end of body),same,
line-height,assets/css/base.css,:where(.pg-home-connections) .testimonial-card p,,line-height,1.65,font.line-height.relaxed,1.65,same,
color,assets/css/base.css,:where(.pg-home-connections) .testimonial-card p,,color,var(--ink-dim),color.text.secondary,var(--pm-color-text-secondary),same,
spacing,assets/css/base.css,:where(.pg-home-connections) .testimonial-card cite,,margin-top,16px,space.4,16px,same,
font-size,assets/css/base.css,:where(.pg-home-connections) .testimonial-card cite,,font-size,13px,typography.small,14px (desktop end of small),changed,tie between two roles — rounded up; review
color,assets/css/base.css,:where(.pg-home-connections) .testimonial-card cite,,color,var(--ink-faint),color.text.tertiary,var(--pm-color-text-tertiary),changed,
spacing,assets/css/base.css,:where(.pg-home-connections) .testimonial-card,(max-width: 860px),padding,22px,space.6,24px,changed,22px tie — rounded up
font-size,assets/css/base.css,:where(.pg-home-connections) .testimonial-card p,(max-width: 860px),font-size,14px,typography.small,14px (mobile end of small),same,
spacing,assets/css/base.css,:where(.pg-home-connections) .testimonial-card cite,(max-width: 860px),margin-top,12px,space.3,12px,same,
font-size,assets/css/base.css,:where(.pg-home-connections) .testimonial-card cite,(max-width: 860px),font-size,12px,typography.caption,12px (mobile end of caption),same,
spacing,assets/css/base.css,:where(.pg-home-connections) .hc-cta,,padding,70px 0,space.16,64px 0,changed,
font-size,assets/css/base.css,:where(.pg-home-connections) .hc-cta h2,,font-size,34px,typography.heading-md,32px (desktop end of heading-md),changed,
spacing,assets/css/base.css,:where(.pg-home-connections) .hc-cta h2,,margin,0 auto 32px,space.8,0 auto 32px,same,
line-height,assets/css/base.css,:where(.pg-home-connections) .hc-cta h2,,line-height,1.3,font.line-height.snug,1.25,changed,
spacing,assets/css/base.css,:where(.pg-home-connections) .hc-cta-links,,gap,48px,space.12,48px,same,
spacing,assets/css/base.css,:where(.pg-home-connections) .hc-cta,(max-width: 860px),padding,48px 0,space.12,48px 0,same,
font-size,assets/css/base.css,:where(.pg-home-connections) .hc-cta h2,(max-width: 860px),font-size,24px,typography.heading-md,24px (mobile end of heading-md),same,
spacing,assets/css/base.css,:where(.pg-home-connections) .hc-cta h2,(max-width: 860px),margin-bottom,22px,space.6,24px,changed,22px tie — rounded up
spacing,assets/css/base.css,:where(.pg-home-connections) .hc-cta-links,(max-width: 860px),gap,36px,space.10,40px,changed,36px tie — rounded up
spacing,assets/css/base.css,:where(.pg-home-connections) .site-footer .wrap,,gap,6px,space.2,8px,changed,6px tie — rounded up
color,assets/css/base.css,:where(.pg-home-connections) .site-footer .wrap,,color,var(--ink-faint),color.text.tertiary,var(--pm-color-text-tertiary),changed,
font-size,assets/css/base.css,:where(.pg-home-connections) .site-footer .wrap,,font-size,12px,typography.caption,12px (desktop end of caption),same,
spacing,assets/css/base.css,:where(.pg-home-connections) .site-footer .wrap,,padding,24px 0,space.6,24px 0,same,
spacing,assets/css/base.css,:where(.pg-home-connections) .site-footer .wrap,(min-width: 861px),gap,12px,space.3,12px,same,
spacing,assets/css/base.css,:where(.pg-home-connections) .site-footer .wrap,(min-width: 861px),padding,32px 0,space.8,32px 0,same,
spacing,assets/css/base.css,:where(.pg-home-connections) .cs-top-nav,,padding-top,14px,space.4,16px,changed,14px tie — rounded up
spacing,assets/css/base.css,:where(.pg-home-connections) .cs-top-nav,(max-width: 860px),padding-top,10px,space.3,12px,changed,10px tie — rounded up
spacing,assets/css/base.css,:where(.pg-index) .nav-links,,gap,36px,space.10,40px,changed,36px tie — rounded up
font-size,assets/css/base.css,:where(.pg-index) .badge-label,,font-size,11px,typography.caption,12px (desktop end of caption),changed,raised from 11px (legibility floor 12px)
letter-spacing,assets/css/base.css,:where(.pg-index) .badge-label,,letter-spacing,.05em,font.tracking.caps,0.05em,same,
font-size,assets/css/base.css,:where(.pg-index) .badge-label,(max-width: 860px),font-size,9px,typography.caption,12px (mobile end of caption),changed,raised from 9px (legibility floor 12px)
letter-spacing,assets/css/base.css,:where(.pg-index) .badge-label,(max-width: 860px),letter-spacing,.04em,font.tracking.caps,0.05em,changed,
spacing,assets/css/base.css,:where(.pg-index) .hero,,padding-top,120px,space.32,128px,changed,
spacing,assets/css/base.css,:where(.pg-index) .hero,,padding-bottom,56px,space.14,56px,same,
font-size,assets/css/base.css,:where(.pg-index) .hero h1,,font-size,76px,typography.display-lg,76px (desktop end of display-lg),same,role by element (h1)
line-height,assets/css/base.css,:where(.pg-index) .hero h1,,line-height,1.05,font.line-height.tight,1.1,changed,
spacing,assets/css/base.css,:where(.pg-index) .hero,(max-width: 860px),padding-top,70px,space.16,64px,changed,
spacing,assets/css/base.css,:where(.pg-index) .hero,(max-width: 860px),padding-bottom,56px,space.14,56px,same,
font-size,assets/css/base.css,:where(.pg-index) .hero h1,(max-width: 860px),font-size,42px,typography.display-lg,42px (mobile end of display-lg),same,role by element (h1)
line-height,assets/css/base.css,:where(.pg-index) .hero h1,(max-width: 860px),line-height,1.1,font.line-height.tight,1.1,same,
spacing,assets/css/base.css,:where(.pg-index) .method-marquee-track,,gap,20px,space.5,20px,same,
motion,assets/css/base.css,:where(.pg-index) .method-marquee-track,,animation,36s,"(ambient/looping — keep, add reduced-motion stop)",36s,excluded,
spacing,assets/css/base.css,:where(.pg-index) .method-marquee-track,,padding,4px 48px,space.1 space.12,4px 48px,same,
color,assets/css/base.css,:where(.pg-index) .method-card,,background,var(--bg-card),color.surface.card,var(--pm-color-surface-card),same,
color,assets/css/base.css,:where(.pg-index) .method-card,,border,var(--line),color.border.subtle,var(--pm-color-border-subtle),same,
radius,assets/css/base.css,:where(.pg-index) .method-card,,border-radius,20px,radius.lg,20px,same,
spacing,assets/css/base.css,:where(.pg-index) .method-card,,padding,32px,space.8,32px,same,
font-size,assets/css/base.css,:where(.pg-index) .num,,font-size,20px,typography.lead,20px (desktop end of lead),same,
line-height,assets/css/base.css,:where(.pg-index) .num,,line-height,1,font.line-height.none,1,same,
letter-spacing,assets/css/base.css,:where(.pg-index) .num,,letter-spacing,.02em,font.tracking.wide,0.02em,same,
color,assets/css/base.css,:where(.pg-index) .num,,background,var(--grad),gradient.brand,var(--pm-gradient-brand),same,
spacing,assets/css/base.css,:where(.pg-index) .method-marquee-track,(max-width: 860px),gap,14px,space.4,16px,changed,14px tie — rounded up
motion,assets/css/base.css,:where(.pg-index) .method-marquee-track,(max-width: 860px),animation-duration,26s,"(ambient/looping — keep, add reduced-motion stop)",26s,excluded,
spacing,assets/css/base.css,:where(.pg-index) .method-marquee-track,(max-width: 860px),padding,4px 22px,space.1 space.6,4px 24px,changed,22px tie — rounded up
spacing,assets/css/base.css,:where(.pg-index) .method-card,(max-width: 860px),padding,16px,space.4,16px,same,
radius,assets/css/base.css,:where(.pg-index) .thumb,,border-radius,16px,radius.lg,20px,changed,
color,assets/css/base.css,:where(.pg-index) .thumb,,background,#1c2130,color.surface.raised,var(--pm-color-surface-raised),changed,
color,assets/css/base.css,:where(.pg-index) .thumb,,background,#12151c,color.surface.page,var(--pm-color-surface-page),changed,
color,assets/css/base.css,:where(.pg-index) .thumb,,border,var(--line),color.border.subtle,var(--pm-color-border-subtle),same,
color,assets/css/base.css,:where(.pg-index) .case-card,,background,var(--bg-card),color.surface.card,var(--pm-color-surface-card),same,
color,assets/css/base.css,:where(.pg-index) .case-card,,border,var(--line),color.border.subtle,var(--pm-color-border-subtle),same,
radius,assets/css/base.css,:where(.pg-index) .case-card,,border-radius,24px,radius.lg,20px,changed,
radius,assets/css/base.css,:where(.pg-index) .case-card .thumb,,border-radius,0,radius.none,0,same,
spacing,assets/css/base.css,:where(.pg-index) .case-card-btn,,margin-top,8px,space.2,8px,same,
color,assets/css/base.css,":where(.pg-index) .case-card:hover .case-card-btn, :where(.pg-index) .case-card:focus-visible .case-card-btn",,border-color,var(--cyan),color.accent.secondary,var(--pm-color-accent-secondary),same,
color,assets/css/base.css,":where(.pg-index) .case-card:hover .case-card-btn, :where(.pg-index) .case-card:focus-visible .case-card-btn",,color,var(--cyan),color.accent.secondary,var(--pm-color-accent-secondary),same,
spacing,assets/css/base.css,:where(.pg-index) .case-card-body,,padding,24px,space.6,24px,same,
spacing,assets/css/base.css,:where(.pg-index) .case-card-body,,gap,12px,space.3,12px,same,
spacing,assets/css/base.css,:where(.pg-index) .case-card-body,(min-width: 861px),padding,48px,space.12,48px,same,
spacing,assets/css/base.css,:where(.pg-index) .case-card-body,(min-width: 861px),gap,16px,space.4,16px,same,
spacing,assets/css/base.css,:where(.pg-index) .contact-actions,,gap,12px,space.3,12px,same,
spacing,assets/css/base.css,:where(.pg-index) .contact-actions,(min-width: 861px),gap,16px,space.4,16px,same,
spacing,assets/css/base.css,:where(.pg-index) .site-footer .wrap,,gap,6px,space.2,8px,changed,6px tie — rounded up
color,assets/css/base.css,:where(.pg-index) .site-footer .wrap,,color,var(--ink-faint),color.text.tertiary,var(--pm-color-text-tertiary),changed,
font-size,assets/css/base.css,:where(.pg-index) .site-footer .wrap,,font-size,12px,typography.caption,12px (desktop end of caption),same,
spacing,assets/css/base.css,:where(.pg-index) .site-footer .wrap,,padding-top,24px,space.6,24px,same,
spacing,assets/css/base.css,:where(.pg-index) .site-footer .wrap,,padding-bottom,24px,space.6,24px,same,
spacing,assets/css/base.css,:where(.pg-index) .site-footer .wrap,(min-width: 861px),gap,12px,space.3,12px,same,
spacing,assets/css/base.css,:where(.pg-index) .site-footer .wrap,(min-width: 861px),padding-top,32px,space.8,32px,same,
spacing,assets/css/base.css,:where(.pg-index) .site-footer .wrap,(min-width: 861px),padding-bottom,32px,space.8,32px,same,
spacing,assets/css/base.css,:where(.pg-patient-portal) .nav-links,,gap,36px,space.10,40px,changed,36px tie — rounded up
font-size,assets/css/base.css,:where(.pg-patient-portal) .badge-label,,font-size,11px,typography.caption,12px (desktop end of caption),changed,raised from 11px (legibility floor 12px)
letter-spacing,assets/css/base.css,:where(.pg-patient-portal) .badge-label,,letter-spacing,.05em,font.tracking.caps,0.05em,same,
font-size,assets/css/base.css,:where(.pg-patient-portal) .badge-label,(max-width: 860px),font-size,9px,typography.caption,12px (mobile end of caption),changed,raised from 9px (legibility floor 12px)
letter-spacing,assets/css/base.css,:where(.pg-patient-portal) .badge-label,(max-width: 860px),letter-spacing,.04em,font.tracking.caps,0.05em,changed,
spacing,assets/css/base.css,:where(.pg-patient-portal) .cs-hero,,padding-top,48px,space.12,48px,same,
spacing,assets/css/base.css,:where(.pg-patient-portal) .cs-hero,,padding-bottom,60px,space.16,64px,changed,60px tie — rounded up
font-size,assets/css/base.css,:where(.pg-patient-portal) .cs-hero h1,,font-size,64px,typography.display-md,60px (desktop end of display-md),changed,role by element (h1)
line-height,assets/css/base.css,:where(.pg-patient-portal) .cs-hero h1,,line-height,1.08,font.line-height.tight,1.1,changed,
spacing,assets/css/base.css,:where(.pg-patient-portal) .cs-hero h1,,margin-top,24px,space.6,24px,same,
font-size,assets/css/base.css,:where(.pg-patient-portal) .cs-hero-sub,,font-size,19px,typography.lead,20px (desktop end of lead),changed,tie between two roles — rounded up; review
line-height,assets/css/base.css,:where(.pg-patient-portal) .cs-hero-sub,,line-height,1.6,font.line-height.relaxed,1.65,changed,
color,assets/css/base.css,:where(.pg-patient-portal) .cs-hero-sub,,color,var(--ink-dim),color.text.secondary,var(--pm-color-text-secondary),same,
spacing,assets/css/base.css,:where(.pg-patient-portal) .cs-hero-sub,,margin-top,20px,space.5,20px,same,
spacing,assets/css/base.css,:where(.pg-patient-portal) .cs-hero,(max-width: 860px),padding-top,24px,space.6,24px,same,
spacing,assets/css/base.css,:where(.pg-patient-portal) .cs-hero,(max-width: 860px),padding-bottom,36px,space.10,40px,changed,36px tie — rounded up
font-size,assets/css/base.css,:where(.pg-patient-portal) .cs-hero h1,(max-width: 860px),font-size,38px,typography.display-md,36px (mobile end of display-md),changed,role by element (h1)
line-height,assets/css/base.css,:where(.pg-patient-portal) .cs-hero h1,(max-width: 860px),line-height,1.12,font.line-height.tight,1.1,changed,
spacing,assets/css/base.css,:where(.pg-patient-portal) .cs-hero h1,(max-width: 860px),margin-top,18px,space.5,20px,changed,18px tie — rounded up
font-size,assets/css/base.css,:where(.pg-patient-portal) .cs-hero-sub,(max-width: 860px),font-size,17px,typography.lead,17px (mobile end of lead),same,
spacing,assets/css/base.css,:where(.pg-patient-portal) .cs-hero-sub,(max-width: 860px),margin-top,14px,space.4,16px,changed,14px tie — rounded up
font-size,assets/css/base.css,:where(.pg-patient-portal) .cs-hero-eyebrow,,font-size,12px,typography.caption,12px (desktop end of caption),same,
letter-spacing,assets/css/base.css,:where(.pg-patient-portal) .cs-hero-eyebrow,,letter-spacing,.06em,font.tracking.caps,0.05em,changed,
color,assets/css/base.css,:where(.pg-patient-portal) .cs-hero-eyebrow,,color,var(--ink-faint),color.text.tertiary,var(--pm-color-text-tertiary),changed,
spacing,assets/css/base.css,:where(.pg-patient-portal) .cs-hero-eyebrow,,margin,24px 0 0,space.6,24px 0 0,same,
spacing,assets/css/base.css,:where(.pg-patient-portal) .cs-hero-eyebrow + h1,,margin-top,12px,space.3,12px,same,
font-size,assets/css/base.css,:where(.pg-patient-portal) .cs-hero-tag,,font-size,28px,typography.heading-md,32px (desktop end of heading-md),changed,tie between two roles — rounded up; review
line-height,assets/css/base.css,:where(.pg-patient-portal) .cs-hero-tag,,line-height,1.3,font.line-height.snug,1.25,changed,
color,assets/css/base.css,:where(.pg-patient-portal) .cs-hero-tag,,color,var(--ink),color.text.primary,var(--pm-color-text-primary),same,
spacing,assets/css/base.css,:where(.pg-patient-portal) .cs-hero-tag,,margin,22px 0 0,space.6,24px 0 0,changed,22px tie — rounded up
spacing,assets/css/base.css,:where(.pg-patient-portal) .cs-hero-eyebrow,(max-width: 860px),margin-top,18px,space.5,20px,changed,18px tie — rounded up
font-size,assets/css/base.css,:where(.pg-patient-portal) .cs-hero-eyebrow,(max-width: 860px),font-size,11px,typography.caption,12px (mobile end of caption),changed,raised from 11px (legibility floor 12px)
font-size,assets/css/base.css,:where(.pg-patient-portal) .cs-hero-tag,(max-width: 860px),font-size,21px,typography.heading-sm,20px (mobile end of heading-sm),changed,
spacing,assets/css/base.css,:where(.pg-patient-portal) .cs-hero-tag,(max-width: 860px),margin-top,16px,space.4,16px,same,
spacing,assets/css/base.css,:where(.pg-patient-portal) .pp-sr,,margin,-1px,,-1px,same,"1px kept (hairline / layout offset, not spacing)"
motion,assets/css/base.css,:where(.pg-patient-portal) .pp-ext-icon,,transition,.2s,duration.fast,200ms,same,
spacing,assets/css/base.css,:where(.pg-patient-portal) .pp-proto-hero,,gap,9px,space.2,8px,changed,
spacing,assets/css/base.css,:where(.pg-patient-portal) .pp-proto-hero,,margin-top,22px,space.6,24px,changed,22px tie — rounded up
spacing,assets/css/base.css,:where(.pg-patient-portal) .pp-proto-hero,,padding,11px 20px,space.3 space.5,12px 20px,changed,
color,assets/css/base.css,:where(.pg-patient-portal) .pp-proto-hero,,border,var(--line),color.border.subtle,var(--pm-color-border-subtle),same,
radius,assets/css/base.css,:where(.pg-patient-portal) .pp-proto-hero,,border-radius,999px,radius.full,9999px,changed,
color,assets/css/base.css,:where(.pg-patient-portal) .pp-proto-hero,,color,var(--ink),color.text.primary,var(--pm-color-text-primary),same,
font-size,assets/css/base.css,:where(.pg-patient-portal) .pp-proto-hero,,font-size,14px,typography.small,14px (desktop end of small),same,
font-weight,assets/css/base.css,:where(.pg-patient-portal) .pp-proto-hero,,font-weight,500,font.weight.semibold,600,changed,500 has no role — moved to 600
motion,assets/css/base.css,:where(.pg-patient-portal) .pp-proto-hero,,transition,.2s,duration.fast,200ms,same,
motion,assets/css/base.css,:where(.pg-patient-portal) .pp-proto-hero,,transition,.2s,duration.fast,200ms,same,
color,assets/css/base.css,":where(.pg-patient-portal) .pp-proto-hero:hover, :where(.pg-patient-portal) .pp-proto-hero:focus-visible",,border-color,var(--cyan),color.accent.secondary,var(--pm-color-accent-secondary),same,
color,assets/css/base.css,":where(.pg-patient-portal) .pp-proto-hero:hover, :where(.pg-patient-portal) .pp-proto-hero:focus-visible",,color,var(--cyan),color.accent.secondary,var(--pm-color-accent-secondary),same,
spacing,assets/css/base.css,:where(.pg-patient-portal) .pp-proto-link,,gap,7px,space.2,8px,changed,
spacing,assets/css/base.css,:where(.pg-patient-portal) .pp-proto-link,,margin,10px 0 2px,space.3 space.0-5,12px 0 2px,changed,10px tie — rounded up
color,assets/css/base.css,:where(.pg-patient-portal) .pp-proto-link,,color,var(--cyan),color.accent.secondary,var(--pm-color-accent-secondary),same,
font-size,assets/css/base.css,:where(.pg-patient-portal) .pp-proto-link,,font-size,14px,typography.small,14px (desktop end of small),same,
font-weight,assets/css/base.css,:where(.pg-patient-portal) .pp-proto-link,,font-weight,500,font.weight.semibold,600,changed,500 has no role — moved to 600
spacing,assets/css/base.css,:where(.pg-patient-portal) .pp-proto-link,(max-width: 860px),padding,9px 0,space.2,8px 0,changed,
spacing,assets/css/base.css,:where(.pg-patient-portal) .pp-proto-link,(max-width: 860px),margin,4px 0 0,space.1,4px 0 0,same,
spacing,assets/css/base.css,:where(.pg-patient-portal) .pp-brief-list,,margin,28px 0 0,space.8,32px 0 0,changed,28px tie — rounded up
spacing,assets/css/base.css,:where(.pg-patient-portal) .pp-brief-list li,,padding,14px 0,space.4,16px 0,changed,14px tie — rounded up
color,assets/css/base.css,:where(.pg-patient-portal) .pp-brief-list li,,border-top,var(--line),color.border.subtle,var(--pm-color-border-subtle),same,
color,assets/css/base.css,:where(.pg-patient-portal) .pp-brief-list li,,color,var(--ink),color.text.primary,var(--pm-color-text-primary),same,
font-size,assets/css/base.css,:where(.pg-patient-portal) .pp-brief-list li,,font-size,16px,typography.body,16px (desktop end of body),same,
line-height,assets/css/base.css,:where(.pg-patient-portal) .pp-brief-list li,,line-height,1.55,font.line-height.normal,1.5,changed,
color,assets/css/base.css,:where(.pg-patient-portal) .pp-brief-list li:last-child,,border-bottom,var(--line),color.border.subtle,var(--pm-color-border-subtle),same,
spacing,assets/css/base.css,:where(.pg-patient-portal) .pp-scen,,padding-bottom,100px,space.24,96px,changed,
color,assets/css/base.css,:where(.pg-patient-portal) .pp-scen > p,,color,var(--ink-dim),color.text.secondary,var(--pm-color-text-secondary),same,
font-size,assets/css/base.css,:where(.pg-patient-portal) .pp-scen > p,,font-size,17px,typography.body-lg,18px (desktop end of body-lg),changed,tie between two roles — rounded up; review
line-height,assets/css/base.css,:where(.pg-patient-portal) .pp-scen > p,,line-height,1.7,font.line-height.relaxed,1.65,changed,
spacing,assets/css/base.css,:where(.pg-patient-portal) .pp-scen > p,,margin,14px 0 0,space.4,16px 0 0,changed,14px tie — rounded up
spacing,assets/css/base.css,:where(.pg-patient-portal) .pp-scn-grid,,gap,20px,space.5,20px,same,
spacing,assets/css/base.css,:where(.pg-patient-portal) .pp-scn-grid,,margin-top,36px,space.10,40px,changed,36px tie — rounded up
spacing,assets/css/base.css,:where(.pg-patient-portal) .pp-scn-grid,(min-width: 1024px),gap,24px,space.6,24px,same,
color,assets/css/base.css,:where(.pg-patient-portal) .pp-scn,,background,var(--bg-card),color.surface.card,var(--pm-color-surface-card),same,
color,assets/css/base.css,:where(.pg-patient-portal) .pp-scn,,border,var(--line),color.border.subtle,var(--pm-color-border-subtle),same,
radius,assets/css/base.css,:where(.pg-patient-portal) .pp-scn,,border-radius,20px,radius.lg,20px,same,
spacing,assets/css/base.css,:where(.pg-patient-portal) .pp-scn,,padding,28px 24px 22px,space.8 space.6 space.6,32px 24px 24px,changed,28px tie — rounded up; 22px tie — rounded up
color,assets/css/base.css,:where(.pg-patient-portal) .pp-scn::before,,background,var(--grad),gradient.brand,var(--pm-gradient-brand),same,
spacing,assets/css/base.css,:where(.pg-patient-portal) .pp-scn-head,,gap,14px,space.4,16px,changed,14px tie — rounded up
font-size,assets/css/base.css,:where(.pg-patient-portal) .pp-scn-num,,font-size,30px,typography.heading-md,32px (desktop end of heading-md),changed,
line-height,assets/css/base.css,:where(.pg-patient-portal) .pp-scn-num,,line-height,1,font.line-height.none,1,same,
color,assets/css/base.css,:where(.pg-patient-portal) .pp-scn-num,,color,var(--cyan),color.accent.secondary,var(--pm-color-accent-secondary),same,
font-size,assets/css/base.css,:where(.pg-patient-portal) .pp-scn h3,,font-size,21px,typography.lead,20px (desktop end of lead),changed,
line-height,assets/css/base.css,:where(.pg-patient-portal) .pp-scn h3,,line-height,1.25,font.line-height.snug,1.25,same,
color,assets/css/base.css,:where(.pg-patient-portal) .pp-scn h3,,color,var(--ink),color.text.primary,var(--pm-color-text-primary),same,
spacing,assets/css/base.css,:where(.pg-patient-portal) .pp-scn dl,,margin,18px 0 0,space.5,20px 0 0,changed,18px tie — rounded up
spacing,assets/css/base.css,:where(.pg-patient-portal) .pp-scn dl,,gap,14px,space.4,16px,changed,14px tie — rounded up
font-size,assets/css/base.css,:where(.pg-patient-portal) .pp-scn dt,,font-size,11px,typography.caption,12px (desktop end of caption),changed,raised from 11px (legibility floor 12px)
letter-spacing,assets/css/base.css,:where(.pg-patient-portal) .pp-scn dt,,letter-spacing,.06em,font.tracking.caps,0.05em,changed,
color,assets/css/base.css,:where(.pg-patient-portal) .pp-scn dt,,color,var(--ink-faint),color.text.tertiary,var(--pm-color-text-tertiary),changed,
spacing,assets/css/base.css,:where(.pg-patient-portal) .pp-scn dd,,margin,4px 0 0,space.1,4px 0 0,same,
font-size,assets/css/base.css,:where(.pg-patient-portal) .pp-scn dd,,font-size,15px,typography.body,16px (desktop end of body),changed,tie between two roles — rounded up; review
line-height,assets/css/base.css,:where(.pg-patient-portal) .pp-scn dd,,line-height,1.6,font.line-height.relaxed,1.65,changed,
color,assets/css/base.css,:where(.pg-patient-portal) .pp-scn dd,,color,var(--ink-dim),color.text.secondary,var(--pm-color-text-secondary),same,
color,assets/css/base.css,:where(.pg-patient-portal) .pp-scn dl > div:last-child dd,,color,var(--ink),color.text.primary,var(--pm-color-text-primary),same,
spacing,assets/css/base.css,:where(.pg-patient-portal) .pp-scn-foot,,margin,20px 0 0,space.5,20px 0 0,same,
spacing,assets/css/base.css,:where(.pg-patient-portal) .pp-scn-foot,,padding-top,14px,space.4,16px,changed,14px tie — rounded up
color,assets/css/base.css,:where(.pg-patient-portal) .pp-scn-foot,,border-top,var(--line),color.border.subtle,var(--pm-color-border-subtle),same,
spacing,assets/css/base.css,:where(.pg-patient-portal) .pp-scn-foot,,gap,8px,space.2,8px,same,
font-size,assets/css/base.css,:where(.pg-patient-portal) .pp-scn-foot,,font-size,12px,typography.caption,12px (desktop end of caption),same,
color,assets/css/base.css,:where(.pg-patient-portal) .pp-scn-foot,,color,var(--ink-faint),color.text.tertiary,var(--pm-color-text-tertiary),changed,
spacing,assets/css/base.css,:where(.pg-patient-portal) .pp-scn-foot span,,padding,3px 10px,space.1 space.3,4px 12px,changed,3px tie — rounded up; 10px tie — rounded up
radius,assets/css/base.css,:where(.pg-patient-portal) .pp-scn-foot span,,border-radius,999px,radius.full,9999px,changed,
color,assets/css/base.css,:where(.pg-patient-portal) .pp-scn-foot span,,background,"rgba(255,255,255,.06)",color.surface.tint-strong,var(--pm-color-surface-tint-strong),same,
color,assets/css/base.css,:where(.pg-patient-portal) .pp-scn-foot span,,border,var(--line),color.border.subtle,var(--pm-color-border-subtle),same,
color,assets/css/base.css,:where(.pg-patient-portal) .pp-scn-foot span,,color,var(--ink-dim),color.text.secondary,var(--pm-color-text-secondary),same,
spacing,assets/css/base.css,:where(.pg-patient-portal) .pp-scen,(max-width: 860px),padding-bottom,56px,space.14,56px,same,
font-size,assets/css/base.css,:where(.pg-patient-portal) .pp-scen > p,(max-width: 860px),font-size,17px,typography.lead,17px (mobile end of lead),same,
spacing,assets/css/base.css,:where(.pg-patient-portal) .pp-scn,(max-width: 860px),padding,24px 20px 18px,space.6 space.5 space.5,24px 20px 20px,changed,18px tie — rounded up
spacing,assets/css/base.css,:where(.pg-patient-portal) .cs-stats,,padding-bottom,40px,space.10,40px,same,
color,assets/css/base.css,:where(.pg-patient-portal) .stat-row,,border,var(--line),color.border.subtle,var(--pm-color-border-subtle),same,
radius,assets/css/base.css,:where(.pg-patient-portal) .stat-row,,border-radius,20px,radius.lg,20px,same,
color,assets/css/base.css,:where(.pg-patient-portal) .stat-row,,background,var(--bg-card),color.surface.card,var(--pm-color-surface-card),same,
spacing,assets/css/base.css,:where(.pg-patient-portal) .stat,,gap,4px,space.1,4px,same,
spacing,assets/css/base.css,:where(.pg-patient-portal) .stat,,padding,20px 24px,space.5 space.6,20px 24px,same,
color,assets/css/base.css,:where(.pg-patient-portal) .stat,,border-left,var(--line),color.border.subtle,var(--pm-color-border-subtle),same,
font-size,assets/css/base.css,:where(.pg-patient-portal) .stat b,,font-size,34px,typography.heading-md,32px (desktop end of heading-md),changed,
font-weight,assets/css/base.css,:where(.pg-patient-portal) .stat b,,font-weight,400,font.weight.regular,400,same,
motion,assets/css/base.css,:where(.pg-patient-portal) .stat b,,transition,5s,"(ambient/looping — keep, add reduced-motion stop)",5s,excluded,
color,assets/css/base.css,:where(.pg-patient-portal) .stat span,,color,var(--ink-faint),color.text.tertiary,var(--pm-color-text-tertiary),changed,
font-size,assets/css/base.css,:where(.pg-patient-portal) .stat span,,font-size,13px,typography.small,14px (desktop end of small),changed,tie between two roles — rounded up; review
spacing,assets/css/base.css,:where(.pg-patient-portal) .cs-stats,(max-width: 860px),padding-bottom,28px,space.8,32px,changed,28px tie — rounded up
radius,assets/css/base.css,:where(.pg-patient-portal) .stat-row,(max-width: 860px),border-radius,18px,radius.lg,20px,changed,
spacing,assets/css/base.css,:where(.pg-patient-portal) .stat-row,(max-width: 860px),padding,4px 20px,space.1 space.5,4px 20px,same,
spacing,assets/css/base.css,:where(.pg-patient-portal) .stat,(max-width: 860px),padding,18px 0,space.5,20px 0,changed,18px tie — rounded up
color,assets/css/base.css,:where(.pg-patient-portal) .stat,(max-width: 860px),border-bottom,var(--line),color.border.subtle,var(--pm-color-border-subtle),same,
font-size,assets/css/base.css,:where(.pg-patient-portal) .stat b,(max-width: 860px),font-size,28px,typography.heading-lg,28px (mobile end of heading-lg),same,
font-size,assets/css/base.css,:where(.pg-patient-portal) .stat span,(max-width: 860px),font-size,12px,typography.caption,12px (mobile end of caption),same,
font-size,assets/css/base.css,:where(.pg-patient-portal) .cs-h2-lg,,font-size,38px,typography.heading-lg,40px (desktop end of heading-lg),changed,
font-size,assets/css/base.css,:where(.pg-patient-portal) .cs-h2-lg,(max-width: 860px),font-size,26px,typography.heading-lg,28px (mobile end of heading-lg),changed,tie between two roles — rounded up; review
font-size,assets/css/base.css,:where(.pg-patient-portal) .cs-h2-md,,font-size,34px,typography.heading-md,32px (desktop end of heading-md),changed,
font-size,assets/css/base.css,:where(.pg-patient-portal) .cs-h2-md,(max-width: 860px),font-size,24px,typography.heading-md,24px (mobile end of heading-md),same,
spacing,assets/css/base.css,:where(.pg-patient-portal) .pp-glance,,padding-top,20px,space.5,20px,same,
spacing,assets/css/base.css,:where(.pg-patient-portal) .pp-glance,,padding-bottom,100px,space.24,96px,changed,
spacing,assets/css/base.css,:where(.pg-patient-portal) .pp-meta,,margin-top,28px,space.8,32px,changed,28px tie — rounded up
color,assets/css/base.css,:where(.pg-patient-portal) .pp-meta,,border,var(--line),color.border.subtle,var(--pm-color-border-subtle),same,
radius,assets/css/base.css,:where(.pg-patient-portal) .pp-meta,,border-radius,20px,radius.lg,20px,same,
color,assets/css/base.css,:where(.pg-patient-portal) .pp-meta,,background,var(--bg-card),color.surface.card,var(--pm-color-surface-card),same,
spacing,assets/css/base.css,:where(.pg-patient-portal) .pp-meta-row,,padding,20px 24px,space.5 space.6,20px 24px,same,
color,assets/css/base.css,:where(.pg-patient-portal) .pp-meta-row,,border-bottom,var(--line),color.border.subtle,var(--pm-color-border-subtle),same,
spacing,assets/css/base.css,:where(.pg-patient-portal) .pp-meta-row,,gap,6px,space.2,8px,changed,6px tie — rounded up
color,assets/css/base.css,:where(.pg-patient-portal) .pp-meta-row:nth-child(odd),,border-right,var(--line),color.border.subtle,var(--pm-color-border-subtle),same,
font-size,assets/css/base.css,:where(.pg-patient-portal) .pp-meta-row dt,,font-size,12px,typography.caption,12px (desktop end of caption),same,
letter-spacing,assets/css/base.css,:where(.pg-patient-portal) .pp-meta-row dt,,letter-spacing,.06em,font.tracking.caps,0.05em,changed,
color,assets/css/base.css,:where(.pg-patient-portal) .pp-meta-row dt,,color,var(--ink-faint),color.text.tertiary,var(--pm-color-text-tertiary),changed,
font-size,assets/css/base.css,:where(.pg-patient-portal) .pp-meta-row dd,,font-size,16px,typography.body,16px (desktop end of body),same,
line-height,assets/css/base.css,:where(.pg-patient-portal) .pp-meta-row dd,,line-height,1.55,font.line-height.normal,1.5,changed,
color,assets/css/base.css,:where(.pg-patient-portal) .pp-meta-row dd,,color,var(--ink),color.text.primary,var(--pm-color-text-primary),same,
spacing,assets/css/base.css,:where(.pg-patient-portal) .pp-glance,(max-width: 860px),padding-bottom,56px,space.14,56px,same,
spacing,assets/css/base.css,:where(.pg-patient-portal) .pp-meta,(max-width: 860px),margin-top,20px,space.5,20px,same,
radius,assets/css/base.css,:where(.pg-patient-portal) .pp-meta,(max-width: 860px),border-radius,18px,radius.lg,20px,changed,
spacing,assets/css/base.css,:where(.pg-patient-portal) .pp-meta-row,(max-width: 860px),padding,16px 20px,space.4 space.5,16px 20px,same,
color,assets/css/base.css,:where(.pg-patient-portal) .pp-meta-row:nth-last-child(2),(max-width: 860px),border-bottom,var(--line),color.border.subtle,var(--pm-color-border-subtle),same,
font-size,assets/css/base.css,:where(.pg-patient-portal) .pp-meta-row dd,(max-width: 860px),font-size,16px,typography.body,16px (mobile end of body),same,
spacing,assets/css/base.css,:where(.pg-patient-portal) .cs-split,,padding-bottom,100px,space.24,96px,changed,
spacing,assets/css/base.css,:where(.pg-patient-portal) .cs-split,,gap,60px,space.16,64px,changed,60px tie — rounded up
color,assets/css/base.css,:where(.pg-patient-portal) .cs-split > p,,color,var(--ink-dim),color.text.secondary,var(--pm-color-text-secondary),same,
font-size,assets/css/base.css,:where(.pg-patient-portal) .cs-split > p,,font-size,17px,typography.body-lg,18px (desktop end of body-lg),changed,tie between two roles — rounded up; review
line-height,assets/css/base.css,:where(.pg-patient-portal) .cs-split > p,,line-height,1.7,font.line-height.relaxed,1.65,changed,
color,assets/css/base.css,:where(.pg-patient-portal) .cs-prose p,,color,var(--ink-dim),color.text.secondary,var(--pm-color-text-secondary),same,
font-size,assets/css/base.css,:where(.pg-patient-portal) .cs-prose p,,font-size,17px,typography.body-lg,18px (desktop end of body-lg),changed,tie between two roles — rounded up; review
line-height,assets/css/base.css,:where(.pg-patient-portal) .cs-prose p,,line-height,1.7,font.line-height.relaxed,1.65,changed,
spacing,assets/css/base.css,:where(.pg-patient-portal) .cs-prose p,,margin,0 0 18px,space.5,0 0 20px,changed,18px tie — rounded up
spacing,assets/css/base.css,:where(.pg-patient-portal) .cs-split,(max-width: 860px),padding-bottom,56px,space.14,56px,same,
spacing,assets/css/base.css,:where(.pg-patient-portal) .cs-split h2,(max-width: 860px),margin-bottom,14px,space.4,16px,changed,14px tie — rounded up
font-size,assets/css/base.css,":where(.pg-patient-portal) .cs-split > p, :where(.pg-patient-portal) .cs-prose p",(max-width: 860px),font-size,17px,typography.lead,17px (mobile end of lead),same,
spacing,assets/css/base.css,:where(.pg-patient-portal) .step,,gap,24px,space.6,24px,same,
spacing,assets/css/base.css,:where(.pg-patient-portal) .step,,padding-bottom,44px,space.12,48px,changed,44px tie — rounded up
color,assets/css/base.css,:where(.pg-patient-portal) .step-line,,background,var(--line),color.border.subtle,var(--pm-color-border-subtle),same,
radius,assets/css/base.css,:where(.pg-patient-portal) .step-num,,border-radius,50%,radius.full,50% (circle — keep),same,
color,assets/css/base.css,:where(.pg-patient-portal) .step-num,,background,var(--bg-card),color.surface.card,var(--pm-color-surface-card),same,
color,assets/css/base.css,:where(.pg-patient-portal) .step-num,,border,var(--line),color.border.subtle,var(--pm-color-border-subtle),same,
font-size,assets/css/base.css,:where(.pg-patient-portal) .step-num,,font-size,20px,typography.lead,20px (desktop end of lead),same,
motion,assets/css/base.css,:where(.pg-patient-portal) .step-num,,transition,5s,"(ambient/looping — keep, add reduced-motion stop)",5s,excluded,
font-size,assets/css/base.css,:where(.pg-patient-portal) .step h3,,font-size,19px,typography.lead,20px (desktop end of lead),changed,tie between two roles — rounded up; review
color,assets/css/base.css,:where(.pg-patient-portal) .step h3,,color,var(--ink),color.text.primary,var(--pm-color-text-primary),same,
color,assets/css/base.css,:where(.pg-patient-portal) .step p,,color,var(--ink-dim),color.text.secondary,var(--pm-color-text-secondary),same,
font-size,assets/css/base.css,:where(.pg-patient-portal) .step p,,font-size,15px,typography.body,16px (desktop end of body),changed,tie between two roles — rounded up; review
line-height,assets/css/base.css,:where(.pg-patient-portal) .step p,,line-height,1.65,font.line-height.relaxed,1.65,same,
spacing,assets/css/base.css,:where(.pg-patient-portal) .step p,,margin-top,8px,space.2,8px,same,
color,assets/css/base.css,:where(.pg-patient-portal) .cs-split .cs-lede,,color,var(--ink-dim),color.text.secondary,var(--pm-color-text-secondary),same,
font-size,assets/css/base.css,:where(.pg-patient-portal) .cs-split .cs-lede,,font-size,17px,typography.body-lg,18px (desktop end of body-lg),changed,tie between two roles — rounded up; review
line-height,assets/css/base.css,:where(.pg-patient-portal) .cs-split .cs-lede,,line-height,1.7,font.line-height.relaxed,1.65,changed,
spacing,assets/css/base.css,:where(.pg-patient-portal) .cs-split .cs-lede,,margin,0 0 36px,space.10,0 0 40px,changed,36px tie — rounded up
spacing,assets/css/base.css,:where(.pg-patient-portal) .cs-approach h2,(max-width: 860px),margin-bottom,20px,space.5,20px,same,
spacing,assets/css/base.css,:where(.pg-patient-portal) .step,(max-width: 860px),gap,16px,space.4,16px,same,
spacing,assets/css/base.css,:where(.pg-patient-portal) .step,(max-width: 860px),padding-bottom,32px,space.8,32px,same,
font-size,assets/css/base.css,:where(.pg-patient-portal) .step-num,(max-width: 860px),font-size,17px,typography.lead,17px (mobile end of lead),same,
font-size,assets/css/base.css,:where(.pg-patient-portal) .step h3,(max-width: 860px),font-size,16px,typography.body,16px (mobile end of body),same,
font-size,assets/css/base.css,:where(.pg-patient-portal) .step p,(max-width: 860px),font-size,16px,typography.body,16px (mobile end of body),same,
spacing,assets/css/base.css,:where(.pg-patient-portal) .step p,(max-width: 860px),margin-top,6px,space.2,8px,changed,6px tie — rounded up
spacing,assets/css/base.css,:where(.pg-patient-portal) .cs-split .cs-lede,(max-width: 860px),margin-bottom,28px,space.8,32px,changed,28px tie — rounded up
color,assets/css/base.css,:where(.pg-patient-portal) .shot-placeholder,,border,"rgba(255,255,255,.25)",color.border.strong,var(--pm-color-border-strong),changed,
radius,assets/css/base.css,:where(.pg-patient-portal) .shot-placeholder,,border-radius,14px,radius.md,12px,changed,
color,assets/css/base.css,:where(.pg-patient-portal) .shot-placeholder,,background,var(--bg-panel),color.surface.raised,var(--pm-color-surface-raised),same,
spacing,assets/css/base.css,:where(.pg-patient-portal) .shot-placeholder,,gap,10px,space.3,12px,changed,10px tie — rounded up
color,assets/css/base.css,:where(.pg-patient-portal) .shot-placeholder,,color,var(--ink-faint),color.text.tertiary,var(--pm-color-text-tertiary),changed,
spacing,assets/css/base.css,:where(.pg-patient-portal) .shot-placeholder,,padding,24px,space.6,24px,same,
font-size,assets/css/base.css,:where(.pg-patient-portal) .shot-placeholder span,,font-size,12px,typography.caption,12px (desktop end of caption),same,
line-height,assets/css/base.css,:where(.pg-patient-portal) .shot-placeholder span,,line-height,1.5,font.line-height.normal,1.5,same,
spacing,assets/css/base.css,:where(.pg-patient-portal) .shot-placeholder.is-phone,,padding,16px,space.4,16px,same,
spacing,assets/css/base.css,:where(.pg-patient-portal) .shot-placeholder,(max-width: 860px),gap,8px,space.2,8px,same,
spacing,assets/css/base.css,:where(.pg-patient-portal) .shot-placeholder,(max-width: 860px),padding,20px,space.5,20px,same,
font-size,assets/css/base.css,:where(.pg-patient-portal) .shot-placeholder span,(max-width: 860px),font-size,11px,typography.caption,12px (mobile end of caption),changed,raised from 11px (legibility floor 12px)
spacing,assets/css/base.css,:where(.pg-patient-portal) .pp-progress,,padding-bottom,100px,space.24,96px,changed,
color,assets/css/base.css,:where(.pg-patient-portal) .pp-progress > p,,color,var(--ink-dim),color.text.secondary,var(--pm-color-text-secondary),same,
font-size,assets/css/base.css,:where(.pg-patient-portal) .pp-progress > p,,font-size,16px,typography.body,16px (desktop end of body),same,
line-height,assets/css/base.css,:where(.pg-patient-portal) .pp-progress > p,,line-height,1.65,font.line-height.relaxed,1.65,same,
spacing,assets/css/base.css,:where(.pg-patient-portal) .pp-progress > p,,margin-top,20px,space.5,20px,same,
spacing,assets/css/base.css,:where(.pg-patient-portal) .pp-row,,margin-top,56px,space.14,56px,same,
font-size,assets/css/base.css,:where(.pg-patient-portal) .pp-row h3,,font-size,24px,typography.heading-sm,24px (desktop end of heading-sm),same,
color,assets/css/base.css,:where(.pg-patient-portal) .pp-row h3,,color,var(--ink),color.text.primary,var(--pm-color-text-primary),same,
color,assets/css/base.css,:where(.pg-patient-portal) .pp-row-note,,color,var(--ink-dim),color.text.secondary,var(--pm-color-text-secondary),same,
font-size,assets/css/base.css,:where(.pg-patient-portal) .pp-row-note,,font-size,14px,typography.small,14px (desktop end of small),same,
line-height,assets/css/base.css,:where(.pg-patient-portal) .pp-row-note,,line-height,1.6,font.line-height.relaxed,1.65,changed,
spacing,assets/css/base.css,:where(.pg-patient-portal) .pp-row-note,,margin,8px 0 0,space.2,8px 0 0,same,
spacing,assets/css/base.css,:where(.pg-patient-portal) .pp-stages,,gap,20px,space.5,20px,same,
spacing,assets/css/base.css,:where(.pg-patient-portal) .pp-stages,,margin-top,20px,space.5,20px,same,
spacing,assets/css/base.css,:where(.pg-patient-portal) .pp-row-text .pp-row-note + .pp-row-note,,margin-top,12px,space.3,12px,same,
color,assets/css/base.css,:where(.pg-patient-portal) .pp-row-note b,,color,var(--ink),color.text.primary,var(--pm-color-text-primary),same,
font-weight,assets/css/base.css,:where(.pg-patient-portal) .pp-row-note b,,font-weight,600,font.weight.semibold,600,same,
radius,assets/css/base.css,:where(.pg-patient-portal) .pp-shot,,border-radius,var(--pp-shot-radius),(device-frame geometry — excluded),var(--pp-shot-radius),excluded,
motion,assets/css/base.css,:where(.pg-patient-portal) .pp-shot,,transition,.25s,duration.fast,200ms,changed,
color,assets/css/base.css,:where(.pg-patient-portal) .pp-shot:focus-visible,,outline,var(--cyan),color.accent.secondary,var(--pm-color-accent-secondary),same,
radius,assets/css/base.css,:where(.pg-patient-portal) .pp-shot img,,border-radius,var(--pp-shot-radius),(device-frame geometry — excluded),var(--pp-shot-radius),excluded,
shadow,assets/css/base.css,:where(.pg-patient-portal) .pp-shot img,,box-shadow,"0 10px 30px rgba(0,0,0,.35)",shadow.elevation-2,var(--pm-shadow-elevation-2),same,
color,assets/css/base.css,:where(.pg-patient-portal) .pp-shot img,,box-shadow,"rgba(0,0,0,.35)",color.alpha.black-a35,var(--pm-color-alpha-black-a35),same,
shadow,assets/css/base.css,:where(.pg-patient-portal) .pp-stage.is-final .pp-shot img,,box-shadow,"0 0 0 2px rgba(255,106,76,.6), 0 10px 30px rgba(0,0,0,.35)",(component-specific — keep; swap colors for tokens),"0 0 0 2px rgba(255,106,76,.6), 0 10px 30px rgba(0,0,0,.35)",excluded,
radius,assets/css/base.css,:where(.pg-patient-portal) .pp-zoom,,border-radius,50%,radius.full,50% (circle — keep),same,
color,assets/css/base.css,:where(.pg-patient-portal) .pp-zoom,,background,"rgba(15,17,23,.82)",color.surface.scrim,var(--pm-color-surface-scrim),changed,
color,assets/css/base.css,:where(.pg-patient-portal) .pp-zoom,,color,#fff,color.text.primary,var(--pm-color-text-primary),changed,#FFF folded into primary text #F3F1EC
color,assets/css/base.css,:where(.pg-patient-portal) .pp-lightbox,,color,#fff,color.text.primary,var(--pm-color-text-primary),changed,#FFF folded into primary text #F3F1EC
color,assets/css/base.css,:where(.pg-patient-portal) .pp-lightbox::backdrop,,background,"rgba(8,10,14,.88)",color.surface.scrim,var(--pm-color-surface-scrim),changed,
spacing,assets/css/base.css,:where(.pg-patient-portal) .pp-lb-inner,,gap,14px,space.4,16px,changed,14px tie — rounded up
spacing,assets/css/base.css,:where(.pg-patient-portal) .pp-lb-inner,,padding,44px 64px 14px,space.12 space.16 space.4,48px 64px 16px,changed,44px tie — rounded up; 14px tie — rounded up
radius,assets/css/base.css,:where(.pg-patient-portal) .pp-lb-img,,border-radius,var(--pp-shot-radius),(device-frame geometry — excluded),var(--pp-shot-radius),excluded,
shadow,assets/css/base.css,:where(.pg-patient-portal) .pp-lb-img,,box-shadow,"0 20px 60px rgba(0,0,0,.6)",shadow.elevation-3,var(--pm-shadow-elevation-3),same,
color,assets/css/base.css,:where(.pg-patient-portal) .pp-lb-img,,box-shadow,"rgba(0,0,0,.6)",color.alpha.black-a60,var(--pm-color-alpha-black-a60),same,
font-size,assets/css/base.css,:where(.pg-patient-portal) .pp-lb-cap,,font-size,13px,typography.small,14px (desktop end of small),changed,tie between two roles — rounded up; review
letter-spacing,assets/css/base.css,:where(.pg-patient-portal) .pp-lb-cap,,letter-spacing,.06em,font.tracking.caps,0.05em,changed,
color,assets/css/base.css,:where(.pg-patient-portal) .pp-lb-cap,,color,"rgba(255,255,255,.75)",color.text.secondary,var(--pm-color-text-secondary),changed,
radius,assets/css/base.css,:where(.pg-patient-portal) .pp-lb-btn,,border-radius,50%,radius.full,50% (circle — keep),same,
color,assets/css/base.css,:where(.pg-patient-portal) .pp-lb-btn,,border,"rgba(255,255,255,.25)",color.border.strong,var(--pm-color-border-strong),changed,
color,assets/css/base.css,:where(.pg-patient-portal) .pp-lb-btn,,background,"rgba(27,31,41,.9)",color.surface.scrim,var(--pm-color-surface-scrim),changed,
color,assets/css/base.css,:where(.pg-patient-portal) .pp-lb-btn,,color,#fff,color.text.primary,var(--pm-color-text-primary),changed,#FFF folded into primary text #F3F1EC
color,assets/css/base.css,:where(.pg-patient-portal) .pp-lb-btn:hover,,background,"rgba(255,255,255,.14)",color.alpha.white-a18,var(--pm-color-alpha-white-a18),changed,
color,assets/css/base.css,:where(.pg-patient-portal) .pp-lb-btn:focus-visible,,outline,var(--cyan),color.accent.secondary,var(--pm-color-accent-secondary),same,
spacing,assets/css/base.css,:where(.pg-patient-portal) .pp-row,(min-width: 861px),gap,40px,space.10,40px,same,
spacing,assets/css/base.css,:where(.pg-patient-portal) .pp-stage figcaption,,margin-top,10px,space.3,12px,changed,10px tie — rounded up
font-size,assets/css/base.css,:where(.pg-patient-portal) .pp-stage figcaption,,font-size,12px,typography.caption,12px (desktop end of caption),same,
letter-spacing,assets/css/base.css,:where(.pg-patient-portal) .pp-stage figcaption,,letter-spacing,.06em,font.tracking.caps,0.05em,changed,
color,assets/css/base.css,:where(.pg-patient-portal) .pp-stage figcaption,,color,var(--ink-faint),color.text.tertiary,var(--pm-color-text-tertiary),changed,
color,assets/css/base.css,:where(.pg-patient-portal) .pp-stage.is-final figcaption,,color,var(--coral),color.accent.primary,var(--pm-color-accent-primary),same,
spacing,assets/css/base.css,:where(.pg-patient-portal) .pp-pair,,gap,20px,space.5,20px,same,
spacing,assets/css/base.css,:where(.pg-patient-portal) .pp-pair,,margin-top,20px,space.5,20px,same,
color,assets/css/base.css,:where(.pg-patient-portal) .pp-pair figcaption,,color,var(--ink-dim),color.text.secondary,var(--pm-color-text-secondary),same,
font-size,assets/css/base.css,:where(.pg-patient-portal) .pp-pair figcaption,,font-size,14px,typography.small,14px (desktop end of small),same,
line-height,assets/css/base.css,:where(.pg-patient-portal) .pp-pair figcaption,,line-height,1.55,font.line-height.normal,1.5,changed,
spacing,assets/css/base.css,:where(.pg-patient-portal) .pp-pair figcaption,,margin-top,12px,space.3,12px,same,
spacing,assets/css/base.css,:where(.pg-patient-portal) .pp-progress,(max-width: 860px),padding-bottom,56px,space.14,56px,same,
font-size,assets/css/base.css,:where(.pg-patient-portal) .pp-progress > p,(max-width: 860px),font-size,16px,typography.body,16px (mobile end of body),same,
spacing,assets/css/base.css,:where(.pg-patient-portal) .pp-progress > p,(max-width: 860px),margin-top,14px,space.4,16px,changed,14px tie — rounded up
spacing,assets/css/base.css,:where(.pg-patient-portal) .pp-row,(max-width: 860px),margin-top,40px,space.10,40px,same,
font-size,assets/css/base.css,:where(.pg-patient-portal) .pp-row h3,(max-width: 860px),font-size,20px,typography.heading-sm,20px (mobile end of heading-sm),same,
font-size,assets/css/base.css,:where(.pg-patient-portal) .pp-row-note,(max-width: 860px),font-size,15px,typography.body,16px (mobile end of body),changed,tie between two roles — rounded up; review
spacing,assets/css/base.css,:where(.pg-patient-portal) .pp-stages,(max-width: 860px),gap,14px,space.4,16px,changed,14px tie — rounded up
spacing,assets/css/base.css,:where(.pg-patient-portal) .pp-stages,(max-width: 860px),margin,16px -20px 0,space.4 space.5,16px -20px 0,same,
spacing,assets/css/base.css,:where(.pg-patient-portal) .pp-stages,(max-width: 860px),padding,4px 20px 8px,space.1 space.5 space.2,4px 20px 8px,same,
spacing,assets/css/base.css,:where(.pg-patient-portal) .pp-lb-inner,(max-width: 860px),padding,60px 12px 16px,space.16 space.3 space.4,64px 12px 16px,changed,60px tie — rounded up
spacing,assets/css/base.css,:where(.pg-patient-portal) .pp-pair,(max-width: 860px),gap,16px,space.4,16px,same,
spacing,assets/css/base.css,:where(.pg-patient-portal) .pp-ai,,padding-bottom,100px,space.24,96px,changed,
color,assets/css/base.css,:where(.pg-patient-portal) .pp-ai > p,,color,var(--ink-dim),color.text.secondary,var(--pm-color-text-secondary),same,
font-size,assets/css/base.css,:where(.pg-patient-portal) .pp-ai > p,,font-size,16px,typography.body,16px (desktop end of body),same,
line-height,assets/css/base.css,:where(.pg-patient-portal) .pp-ai > p,,line-height,1.65,font.line-height.relaxed,1.65,same,
spacing,assets/css/base.css,:where(.pg-patient-portal) .pp-ai > p,,margin-top,20px,space.5,20px,same,
spacing,assets/css/base.css,:where(.pg-patient-portal) .pp-ai-grid,,gap,20px,space.5,20px,same,
spacing,assets/css/base.css,:where(.pg-patient-portal) .pp-ai-grid,,margin-top,36px,space.10,40px,changed,36px tie — rounded up
font-size,assets/css/base.css,:where(.pg-patient-portal) .pp-ai-grid .card h3,,font-size,18px,typography.body-lg,18px (desktop end of body-lg),same,
color,assets/css/base.css,:where(.pg-patient-portal) .pp-ai-grid .card h3,,color,var(--ink),color.text.primary,var(--pm-color-text-primary),same,
spacing,assets/css/base.css,:where(.pg-patient-portal) .pp-ai-grid .card h3,,gap,12px,space.3,12px,same,
color,assets/css/base.css,:where(.pg-patient-portal) .pp-ai-grid .card h3 .n,,color,var(--coral),color.accent.primary,var(--pm-color-accent-primary),same,
font-size,assets/css/base.css,:where(.pg-patient-portal) .pp-ai-grid .card h3 .n,,font-size,20px,typography.lead,20px (desktop end of lead),same,
color,assets/css/base.css,:where(.pg-patient-portal) .pp-ai-grid .card p,,color,var(--ink-dim),color.text.secondary,var(--pm-color-text-secondary),same,
font-size,assets/css/base.css,:where(.pg-patient-portal) .pp-ai-grid .card p,,font-size,14px,typography.small,14px (desktop end of small),same,
line-height,assets/css/base.css,:where(.pg-patient-portal) .pp-ai-grid .card p,,line-height,1.6,font.line-height.relaxed,1.65,changed,
spacing,assets/css/base.css,:where(.pg-patient-portal) .pp-ai-grid .card p,,margin-top,10px,space.3,12px,changed,10px tie — rounded up
spacing,assets/css/base.css,:where(.pg-patient-portal) .pp-ai-note,,margin-top,28px,space.8,32px,changed,28px tie — rounded up
color,assets/css/base.css,:where(.pg-patient-portal) .pp-ai-note p,,color,var(--ink-dim),color.text.secondary,var(--pm-color-text-secondary),same,
font-size,assets/css/base.css,:where(.pg-patient-portal) .pp-ai-note p,,font-size,16px,typography.body,16px (desktop end of body),same,
line-height,assets/css/base.css,:where(.pg-patient-portal) .pp-ai-note p,,line-height,1.65,font.line-height.relaxed,1.65,same,
spacing,assets/css/base.css,:where(.pg-patient-portal) .pp-ai-note p,,margin,0 0 14px,space.4,0 0 16px,changed,14px tie — rounded up
spacing,assets/css/base.css,:where(.pg-patient-portal) .pp-callout,,margin-top,28px,space.8,32px,changed,28px tie — rounded up
color,assets/css/base.css,:where(.pg-patient-portal) .pp-callout,,border,"rgba(255,255,255,.25)",color.border.strong,var(--pm-color-border-strong),changed,
radius,assets/css/base.css,:where(.pg-patient-portal) .pp-callout,,border-radius,18px,radius.lg,20px,changed,
spacing,assets/css/base.css,:where(.pg-patient-portal) .pp-callout,,padding,20px 24px,space.5 space.6,20px 24px,same,
color,assets/css/base.css,:where(.pg-patient-portal) .pp-callout,,color,var(--ink),color.text.primary,var(--pm-color-text-primary),same,
font-size,assets/css/base.css,:where(.pg-patient-portal) .pp-callout,,font-size,16px,typography.body,16px (desktop end of body),same,
line-height,assets/css/base.css,:where(.pg-patient-portal) .pp-callout,,line-height,1.6,font.line-height.relaxed,1.65,changed,
color,assets/css/base.css,:where(.pg-patient-portal) .pp-callout,,background,"rgba(255,255,255,.02)",color.surface.tint,var(--pm-color-surface-tint),changed,
spacing,assets/css/base.css,:where(.pg-patient-portal) .pp-ai,(max-width: 860px),padding-bottom,56px,space.14,56px,same,
font-size,assets/css/base.css,:where(.pg-patient-portal) .pp-ai > p,(max-width: 860px),font-size,16px,typography.body,16px (mobile end of body),same,
spacing,assets/css/base.css,:where(.pg-patient-portal) .pp-ai > p,(max-width: 860px),margin-top,14px,space.4,16px,changed,14px tie — rounded up
spacing,assets/css/base.css,:where(.pg-patient-portal) .pp-ai-grid,(max-width: 860px),gap,12px,space.3,12px,same,
spacing,assets/css/base.css,:where(.pg-patient-portal) .pp-ai-grid,(max-width: 860px),margin-top,24px,space.6,24px,same,
font-size,assets/css/base.css,:where(.pg-patient-portal) .pp-ai-grid .card h3,(max-width: 860px),font-size,16px,typography.body,16px (mobile end of body),same,
font-size,assets/css/base.css,:where(.pg-patient-portal) .pp-ai-grid .card p,(max-width: 860px),font-size,15px,typography.body,16px (mobile end of body),changed,tie between two roles — rounded up; review
font-size,assets/css/base.css,:where(.pg-patient-portal) .pp-ai-note p,(max-width: 860px),font-size,16px,typography.body,16px (mobile end of body),same,
spacing,assets/css/base.css,:where(.pg-patient-portal) .pp-callout,(max-width: 860px),padding,16px 18px,space.4 space.5,16px 20px,changed,18px tie — rounded up
font-size,assets/css/base.css,:where(.pg-patient-portal) .pp-callout,(max-width: 860px),font-size,15px,typography.body,16px (mobile end of body),changed,tie between two roles — rounded up; review
spacing,assets/css/base.css,:where(.pg-patient-portal) .cs-outcomes,,padding-top,100px,space.24,96px,changed,
spacing,assets/css/base.css,:where(.pg-patient-portal) .cs-outcomes,,padding-bottom,100px,space.24,96px,changed,
spacing,assets/css/base.css,:where(.pg-patient-portal) .cs-outcomes h2,,margin-bottom,36px,space.10,40px,changed,36px tie — rounded up
spacing,assets/css/base.css,:where(.pg-patient-portal) .check-row,,gap,16px,space.4,16px,same,
spacing,assets/css/base.css,:where(.pg-patient-portal) .check-row,,padding,18px 0,space.5,20px 0,changed,18px tie — rounded up
color,assets/css/base.css,:where(.pg-patient-portal) .check-row,,border-bottom,var(--line),color.border.subtle,var(--pm-color-border-subtle),same,
radius,assets/css/base.css,:where(.pg-patient-portal) .check,,border-radius,50%,radius.full,50% (circle — keep),same,
color,assets/css/base.css,:where(.pg-patient-portal) .check,,background,var(--coral),color.accent.primary,var(--pm-color-accent-primary),same,
color,assets/css/base.css,:where(.pg-patient-portal) .check,,color,#0A0C10,color.text.on-accent,var(--pm-color-text-on-accent),same,
font-size,assets/css/base.css,:where(.pg-patient-portal) .check,,font-size,17px,typography.body-lg,18px (desktop end of body-lg),changed,tie between two roles — rounded up; review
font-weight,assets/css/base.css,:where(.pg-patient-portal) .check,,font-weight,700,font.weight.bold,700,same,
font-size,assets/css/base.css,:where(.pg-patient-portal) .check-row p,,font-size,16px,typography.body,16px (desktop end of body),same,
line-height,assets/css/base.css,:where(.pg-patient-portal) .check-row p,,line-height,1.6,font.line-height.relaxed,1.65,changed,
spacing,assets/css/base.css,:where(.pg-patient-portal) .cs-outcomes,(max-width: 860px),padding-top,56px,space.14,56px,same,
spacing,assets/css/base.css,:where(.pg-patient-portal) .cs-outcomes,(max-width: 860px),padding-bottom,56px,space.14,56px,same,
spacing,assets/css/base.css,:where(.pg-patient-portal) .cs-outcomes h2,(max-width: 860px),margin-bottom,20px,space.5,20px,same,
spacing,assets/css/base.css,:where(.pg-patient-portal) .check-row,(max-width: 860px),gap,14px,space.4,16px,changed,14px tie — rounded up
spacing,assets/css/base.css,:where(.pg-patient-portal) .check-row,(max-width: 860px),padding,16px 0,space.4,16px 0,same,
font-size,assets/css/base.css,:where(.pg-patient-portal) .check,(max-width: 860px),font-size,15px,typography.body,16px (mobile end of body),changed,tie between two roles — rounded up; review
font-size,assets/css/base.css,:where(.pg-patient-portal) .check-row p,(max-width: 860px),font-size,16px,typography.body,16px (mobile end of body),same,
spacing,assets/css/base.css,:where(.pg-patient-portal) .cs-learning,,padding-bottom,100px,space.24,96px,changed,
spacing,assets/css/base.css,:where(.pg-patient-portal) .pp-learn-stack,,gap,16px,space.4,16px,same,
font-size,assets/css/base.css,:where(.pg-patient-portal) .pp-learn-stack .card h3,,font-size,20px,typography.lead,20px (desktop end of lead),same,
line-height,assets/css/base.css,:where(.pg-patient-portal) .pp-learn-stack .card h3,,line-height,1.3,font.line-height.snug,1.25,changed,
color,assets/css/base.css,:where(.pg-patient-portal) .pp-learn-stack .card h3,,color,var(--ink),color.text.primary,var(--pm-color-text-primary),same,
color,assets/css/base.css,:where(.pg-patient-portal) .pp-learn-stack .card p,,color,var(--ink-dim),color.text.secondary,var(--pm-color-text-secondary),same,
font-size,assets/css/base.css,:where(.pg-patient-portal) .pp-learn-stack .card p,,font-size,16px,typography.body,16px (desktop end of body),same,
line-height,assets/css/base.css,:where(.pg-patient-portal) .pp-learn-stack .card p,,line-height,1.65,font.line-height.relaxed,1.65,same,
spacing,assets/css/base.css,:where(.pg-patient-portal) .pp-learn-stack .card p,,margin-top,10px,space.3,12px,changed,10px tie — rounded up
spacing,assets/css/base.css,:where(.pg-patient-portal) .cs-learning,(max-width: 860px),padding-bottom,56px,space.14,56px,same,
spacing,assets/css/base.css,:where(.pg-patient-portal) .pp-learn-stack,(max-width: 860px),gap,12px,space.3,12px,same,
font-size,assets/css/base.css,:where(.pg-patient-portal) .pp-learn-stack .card h3,(max-width: 860px),font-size,18px,typography.body-lg,18px (mobile end of body-lg),same,
font-size,assets/css/base.css,:where(.pg-patient-portal) .pp-learn-stack .card p,(max-width: 860px),font-size,16px,typography.body,16px (mobile end of body),same,
spacing,assets/css/base.css,:where(.pg-patient-portal) .cs-growth,,padding-bottom,120px,space.32,128px,changed,
spacing,assets/css/base.css,:where(.pg-patient-portal) .cs-growth,(max-width: 860px),padding-bottom,64px,space.16,64px,same,
spacing,assets/css/base.css,:where(.pg-patient-portal) .cs-growth .pp-callout,,margin-top,36px,space.10,40px,changed,36px tie — rounded up
color,assets/css/base.css,:where(.pg-patient-portal) .cs-cta,,border-top,var(--line),color.border.subtle,var(--pm-color-border-subtle),same,
spacing,assets/css/base.css,:where(.pg-patient-portal) .cs-cta,,padding,70px 0,space.16,64px 0,changed,
font-size,assets/css/base.css,:where(.pg-patient-portal) .cs-cta h2,,font-size,34px,typography.heading-md,32px (desktop end of heading-md),changed,
spacing,assets/css/base.css,:where(.pg-patient-portal) .cs-cta h2,,margin,0 auto 32px,space.8,0 auto 32px,same,
line-height,assets/css/base.css,:where(.pg-patient-portal) .cs-cta h2,,line-height,1.3,font.line-height.snug,1.25,changed,
spacing,assets/css/base.css,:where(.pg-patient-portal) .cs-cta-actions,,gap,36px,space.10,40px,changed,36px tie — rounded up
spacing,assets/css/base.css,:where(.pg-patient-portal) .cs-cta-actions,(min-width: 861px),gap,48px,space.12,48px,same,
spacing,assets/css/base.css,:where(.pg-patient-portal) .cs-cta,(max-width: 860px),padding,48px 0,space.12,48px 0,same,
font-size,assets/css/base.css,:where(.pg-patient-portal) .cs-cta h2,(max-width: 860px),font-size,24px,typography.heading-md,24px (mobile end of heading-md),same,
spacing,assets/css/base.css,:where(.pg-patient-portal) .cs-cta h2,(max-width: 860px),margin,0 auto 22px,space.6,0 auto 24px,changed,22px tie — rounded up
spacing,assets/css/base.css,:where(.pg-patient-portal) .site-footer .wrap,,gap,6px,space.2,8px,changed,6px tie — rounded up
color,assets/css/base.css,:where(.pg-patient-portal) .site-footer .wrap,,color,var(--ink-faint),color.text.tertiary,var(--pm-color-text-tertiary),changed,
font-size,assets/css/base.css,:where(.pg-patient-portal) .site-footer .wrap,,font-size,12px,typography.caption,12px (desktop end of caption),same,
spacing,assets/css/base.css,:where(.pg-patient-portal) .site-footer .wrap,,padding-top,24px,space.6,24px,same,
spacing,assets/css/base.css,:where(.pg-patient-portal) .site-footer .wrap,,padding-bottom,24px,space.6,24px,same,
spacing,assets/css/base.css,:where(.pg-patient-portal) .site-footer .wrap,(min-width: 861px),gap,12px,space.3,12px,same,
spacing,assets/css/base.css,:where(.pg-patient-portal) .site-footer .wrap,(min-width: 861px),padding-top,32px,space.8,32px,same,
spacing,assets/css/base.css,:where(.pg-patient-portal) .site-footer .wrap,(min-width: 861px),padding-bottom,32px,space.8,32px,same,
spacing,assets/css/base.css,:where(.pg-patient-portal) .cs-top-nav,,padding-top,14px,space.4,16px,changed,14px tie — rounded up
spacing,assets/css/base.css,:where(.pg-patient-portal) .cs-top-nav,(max-width: 860px),padding-top,10px,space.3,12px,changed,10px tie — rounded up
spacing,assets/css/base.css,:where(.pg-product-trio) .nav-links,,gap,36px,space.10,40px,changed,36px tie — rounded up
font-size,assets/css/base.css,:where(.pg-product-trio) .badge-label,,font-size,11px,typography.caption,12px (desktop end of caption),changed,raised from 11px (legibility floor 12px)
letter-spacing,assets/css/base.css,:where(.pg-product-trio) .badge-label,,letter-spacing,.05em,font.tracking.caps,0.05em,same,
font-size,assets/css/base.css,:where(.pg-product-trio) .badge-label,(max-width: 860px),font-size,9px,typography.caption,12px (mobile end of caption),changed,raised from 9px (legibility floor 12px)
letter-spacing,assets/css/base.css,:where(.pg-product-trio) .badge-label,(max-width: 860px),letter-spacing,.04em,font.tracking.caps,0.05em,changed,
spacing,assets/css/base.css,:where(.pg-product-trio) .pt-hero,,padding-top,48px,space.12,48px,same,
spacing,assets/css/base.css,:where(.pg-product-trio) .pt-hero,,padding-bottom,60px,space.16,64px,changed,60px tie — rounded up
spacing,assets/css/base.css,:where(.pg-product-trio) .pt-hero,(max-width: 860px),padding-top,24px,space.6,24px,same,
spacing,assets/css/base.css,:where(.pg-product-trio) .pt-hero,(max-width: 860px),padding-bottom,36px,space.10,40px,changed,36px tie — rounded up
font-size,assets/css/base.css,:where(.pg-product-trio) .pt-hero-h1,,font-size,64px,typography.display-md,60px (desktop end of display-md),changed,
line-height,assets/css/base.css,:where(.pg-product-trio) .pt-hero-h1,,line-height,1.08,font.line-height.tight,1.1,changed,
spacing,assets/css/base.css,:where(.pg-product-trio) .pt-hero-h1,,margin-top,24px,space.6,24px,same,
font-size,assets/css/base.css,:where(.pg-product-trio) .pt-hero-h1,(max-width: 860px),font-size,34px,typography.display-md,36px (mobile end of display-md),changed,
line-height,assets/css/base.css,:where(.pg-product-trio) .pt-hero-h1,(max-width: 860px),line-height,1.15,font.line-height.tight,1.1,changed,
spacing,assets/css/base.css,:where(.pg-product-trio) .pt-hero-h1,(max-width: 860px),margin-top,18px,space.5,20px,changed,18px tie — rounded up
font-size,assets/css/base.css,:where(.pg-product-trio) .pt-hero-sub,,font-size,19px,typography.lead,20px (desktop end of lead),changed,tie between two roles — rounded up; review
line-height,assets/css/base.css,:where(.pg-product-trio) .pt-hero-sub,,line-height,1.6,font.line-height.relaxed,1.65,changed,
color,assets/css/base.css,:where(.pg-product-trio) .pt-hero-sub,,color,var(--ink-dim),color.text.secondary,var(--pm-color-text-secondary),same,
spacing,assets/css/base.css,:where(.pg-product-trio) .pt-hero-sub,,margin-top,20px,space.5,20px,same,
font-size,assets/css/base.css,:where(.pg-product-trio) .pt-hero-sub,(max-width: 860px),font-size,17px,typography.lead,17px (mobile end of lead),same,
spacing,assets/css/base.css,:where(.pg-product-trio) .pt-hero-sub,(max-width: 860px),margin-top,14px,space.4,16px,changed,14px tie — rounded up
color,assets/css/base.css,:where(.pg-product-trio) .pt-stat-panel,,border,var(--line),color.border.subtle,var(--pm-color-border-subtle),same,
radius,assets/css/base.css,:where(.pg-product-trio) .pt-stat-panel,,border-radius,20px,radius.lg,20px,same,
color,assets/css/base.css,:where(.pg-product-trio) .pt-stat-panel,,background,var(--bg-card),color.surface.card,var(--pm-color-surface-card),same,
radius,assets/css/base.css,:where(.pg-product-trio) .pt-stat-panel,(max-width: 860px),border-radius,18px,radius.lg,20px,changed,
spacing,assets/css/base.css,:where(.pg-product-trio) .pt-stat-panel,(max-width: 860px),padding,4px 20px,space.1 space.5,4px 20px,same,
spacing,assets/css/base.css,:where(.pg-product-trio) .pt-stat,,gap,4px,space.1,4px,same,
spacing,assets/css/base.css,:where(.pg-product-trio) .pt-stat,,padding,20px 24px,space.5 space.6,20px 24px,same,
color,assets/css/base.css,:where(.pg-product-trio) .pt-stat,,border-left,var(--line),color.border.subtle,var(--pm-color-border-subtle),same,
font-size,assets/css/base.css,:where(.pg-product-trio) .pt-stat b,,font-size,32px,typography.heading-md,32px (desktop end of heading-md),same,
font-weight,assets/css/base.css,:where(.pg-product-trio) .pt-stat b,,font-weight,400,font.weight.regular,400,same,
color,assets/css/base.css,:where(.pg-product-trio) .pt-stat span,,color,var(--ink-faint),color.text.tertiary,var(--pm-color-text-tertiary),changed,
font-size,assets/css/base.css,:where(.pg-product-trio) .pt-stat span,,font-size,13px,typography.small,14px (desktop end of small),changed,tie between two roles — rounded up; review
spacing,assets/css/base.css,:where(.pg-product-trio) .pt-stat,(max-width: 860px),padding,18px 0,space.5,20px 0,changed,18px tie — rounded up
color,assets/css/base.css,:where(.pg-product-trio) .pt-stat,(max-width: 860px),border-bottom,var(--line),color.border.subtle,var(--pm-color-border-subtle),same,
font-size,assets/css/base.css,:where(.pg-product-trio) .pt-stat b,(max-width: 860px),font-size,26px,typography.heading-lg,28px (mobile end of heading-lg),changed,tie between two roles — rounded up; review
font-size,assets/css/base.css,:where(.pg-product-trio) .pt-stat span,(max-width: 860px),font-size,12px,typography.caption,12px (mobile end of caption),same,
spacing,assets/css/base.css,:where(.pg-product-trio) .pt-sec-delivery,,padding-top,20px,space.5,20px,same,
spacing,assets/css/base.css,:where(.pg-product-trio) .pt-sec-delivery,,padding-bottom,100px,space.24,96px,changed,
font-size,assets/css/base.css,:where(.pg-product-trio) .pt-sec-delivery h2,,font-size,38px,typography.heading-lg,40px (desktop end of heading-lg),changed,
line-height,assets/css/base.css,:where(.pg-product-trio) .pt-sec-delivery h2,,line-height,1.2,font.line-height.snug,1.25,changed,
color,assets/css/base.css,:where(.pg-product-trio) .pt-sec-delivery > p,,color,var(--ink-dim),color.text.secondary,var(--pm-color-text-secondary),same,
font-size,assets/css/base.css,:where(.pg-product-trio) .pt-sec-delivery > p,,font-size,16px,typography.body,16px (desktop end of body),same,
line-height,assets/css/base.css,:where(.pg-product-trio) .pt-sec-delivery > p,,line-height,1.65,font.line-height.relaxed,1.65,same,
spacing,assets/css/base.css,:where(.pg-product-trio) .pt-sec-delivery > p,,margin-top,20px,space.5,20px,same,
spacing,assets/css/base.css,:where(.pg-product-trio) .pt-sec-delivery,(max-width: 860px),padding-bottom,56px,space.14,56px,same,
font-size,assets/css/base.css,:where(.pg-product-trio) .pt-sec-delivery h2,(max-width: 860px),font-size,24px,typography.heading-md,24px (mobile end of heading-md),same,
line-height,assets/css/base.css,:where(.pg-product-trio) .pt-sec-delivery h2,(max-width: 860px),line-height,1.25,font.line-height.snug,1.25,same,
font-size,assets/css/base.css,:where(.pg-product-trio) .pt-sec-delivery > p,(max-width: 860px),font-size,16px,typography.body,16px (mobile end of body),same,
spacing,assets/css/base.css,:where(.pg-product-trio) .pt-sec-delivery > p,(max-width: 860px),margin-top,14px,space.4,16px,changed,14px tie — rounded up
spacing,assets/css/base.css,:where(.pg-product-trio) .pt-sec-outcomes,,padding-top,100px,space.24,96px,changed,
spacing,assets/css/base.css,:where(.pg-product-trio) .pt-sec-outcomes,,padding-bottom,100px,space.24,96px,changed,
font-size,assets/css/base.css,:where(.pg-product-trio) .pt-sec-outcomes h2,,font-size,38px,typography.heading-lg,40px (desktop end of heading-lg),changed,
spacing,assets/css/base.css,:where(.pg-product-trio) .pt-sec-outcomes h2,,margin-bottom,36px,space.10,40px,changed,36px tie — rounded up
spacing,assets/css/base.css,:where(.pg-product-trio) .pt-sec-outcomes,(max-width: 860px),padding-top,56px,space.14,56px,same,
spacing,assets/css/base.css,:where(.pg-product-trio) .pt-sec-outcomes,(max-width: 860px),padding-bottom,56px,space.14,56px,same,
font-size,assets/css/base.css,:where(.pg-product-trio) .pt-sec-outcomes h2,(max-width: 860px),font-size,26px,typography.heading-lg,28px (mobile end of heading-lg),changed,tie between two roles — rounded up; review
spacing,assets/css/base.css,:where(.pg-product-trio) .pt-sec-outcomes h2,(max-width: 860px),margin-bottom,20px,space.5,20px,same,
spacing,assets/css/base.css,:where(.pg-product-trio) .pt-split,,padding-bottom,100px,space.24,96px,changed,
spacing,assets/css/base.css,:where(.pg-product-trio) .pt-split,,gap,60px,space.16,64px,changed,60px tie — rounded up
font-size,assets/css/base.css,:where(.pg-product-trio) .pt-split h2,,font-size,34px,typography.heading-md,32px (desktop end of heading-md),changed,
color,assets/css/base.css,:where(.pg-product-trio) .pt-split > p,,color,var(--ink-dim),color.text.secondary,var(--pm-color-text-secondary),same,
font-size,assets/css/base.css,:where(.pg-product-trio) .pt-split > p,,font-size,17px,typography.body-lg,18px (desktop end of body-lg),changed,tie between two roles — rounded up; review
line-height,assets/css/base.css,:where(.pg-product-trio) .pt-split > p,,line-height,1.7,font.line-height.relaxed,1.65,changed,
spacing,assets/css/base.css,:where(.pg-product-trio) .pt-split,(max-width: 860px),padding-bottom,56px,space.14,56px,same,
font-size,assets/css/base.css,:where(.pg-product-trio) .pt-split h2,(max-width: 860px),font-size,24px,typography.heading-md,24px (mobile end of heading-md),same,
spacing,assets/css/base.css,:where(.pg-product-trio) .pt-split h2,(max-width: 860px),margin-bottom,14px,space.4,16px,changed,14px tie — rounded up
font-size,assets/css/base.css,:where(.pg-product-trio) .pt-split > p,(max-width: 860px),font-size,17px,typography.lead,17px (mobile end of lead),same,
line-height,assets/css/base.css,:where(.pg-product-trio) .pt-split > p,(max-width: 860px),line-height,1.7,font.line-height.relaxed,1.65,changed,
spacing,assets/css/base.css,:where(.pg-product-trio) .pt-approach,,padding-bottom,100px,space.24,96px,changed,
spacing,assets/css/base.css,:where(.pg-product-trio) .pt-approach,(max-width: 860px),padding-bottom,56px,space.14,56px,same,
spacing,assets/css/base.css,:where(.pg-product-trio) .pt-approach h2,(max-width: 860px),margin-bottom,20px,space.5,20px,same,
spacing,assets/css/base.css,:where(.pg-product-trio) .pt-keylearning,,padding-bottom,60px,space.16,64px,changed,60px tie — rounded up
spacing,assets/css/base.css,:where(.pg-product-trio) .pt-keylearning,(max-width: 860px),padding-bottom,32px,space.8,32px,same,
spacing,assets/css/base.css,:where(.pg-product-trio) .pt-testimonial-sec,,padding-bottom,120px,space.32,128px,changed,
spacing,assets/css/base.css,:where(.pg-product-trio) .pt-testimonial-sec,(max-width: 860px),padding-bottom,64px,space.16,64px,same,
spacing,assets/css/base.css,:where(.pg-product-trio) .pt-bar-chart,,gap,20px,space.5,20px,same,
spacing,assets/css/base.css,:where(.pg-product-trio) .pt-bar-chart,,padding-top,20px,space.5,20px,same,
spacing,assets/css/base.css,:where(.pg-product-trio) .pt-bar-col,,gap,10px,space.3,12px,changed,10px tie — rounded up
radius,assets/css/base.css,:where(.pg-product-trio) .pt-bar,,border-radius,8px 8px 0 0,radius.sm radius.sm,8px 8px 0 0,same,
color,assets/css/base.css,:where(.pg-product-trio) .pt-bar-below,,background,#EF0402,(data-viz — excluded),#EF0402,excluded,
color,assets/css/base.css,:where(.pg-product-trio) .pt-bar-above,,background,#5CAD03,(data-viz — excluded),#5CAD03,excluded,
spacing,assets/css/base.css,:where(.pg-product-trio) .pt-bar-chart,(max-width: 860px),gap,12px,space.3,12px,same,
spacing,assets/css/base.css,:where(.pg-product-trio) .pt-bar-chart,(max-width: 860px),padding-top,16px,space.4,16px,same,
spacing,assets/css/base.css,:where(.pg-product-trio) .pt-bar-col,(max-width: 860px),gap,8px,space.2,8px,same,
radius,assets/css/base.css,:where(.pg-product-trio) .pt-bar,(max-width: 860px),border-radius,6px 6px 0 0,radius.sm radius.sm,8px 8px 0 0,changed,
spacing,assets/css/base.css,:where(.pg-product-trio) .pt-adopt-axis,,padding-left,44px,space.12,48px,changed,44px tie — rounded up
spacing,assets/css/base.css,:where(.pg-product-trio) .pt-adopt-axis,,margin-bottom,12px,space.3,12px,same,
font-size,assets/css/base.css,:where(.pg-product-trio) .pt-adopt-axis span,,font-size,12px,typography.caption,12px (desktop end of caption),same,
color,assets/css/base.css,:where(.pg-product-trio) .pt-adopt-axis span,,color,var(--ink-faint),color.text.tertiary,var(--pm-color-text-tertiary),changed,
spacing,assets/css/base.css,:where(.pg-product-trio) .pt-adopt-row,,gap,14px,space.4,16px,changed,14px tie — rounded up
spacing,assets/css/base.css,:where(.pg-product-trio) .pt-adopt-row,,margin-top,12px,space.3,12px,same,
font-size,assets/css/base.css,:where(.pg-product-trio) .pt-adopt-label,,font-size,14px,typography.small,14px (desktop end of small),same,
font-weight,assets/css/base.css,:where(.pg-product-trio) .pt-adopt-label,,font-weight,600,font.weight.semibold,600,same,
color,assets/css/base.css,:where(.pg-product-trio) .pt-adopt-label,,color,var(--ink-dim),color.text.secondary,var(--pm-color-text-secondary),same,
radius,assets/css/base.css,:where(.pg-product-trio) .pt-adopt-bar,,border-radius,999px,radius.full,9999px,changed,
spacing,assets/css/base.css,:where(.pg-product-trio) .pt-adopt-bar,,padding-right,12px,space.3,12px,same,
color,assets/css/base.css,:where(.pg-product-trio) .pt-adopt-bar,,color,#0A0C10,color.text.on-accent,var(--pm-color-text-on-accent),same,
font-size,assets/css/base.css,:where(.pg-product-trio) .pt-adopt-bar,,font-size,12px,typography.caption,12px (desktop end of caption),same,
letter-spacing,assets/css/base.css,:where(.pg-product-trio) .pt-adopt-bar,,letter-spacing,.02em,font.tracking.wide,0.02em,same,
spacing,assets/css/base.css,:where(.pg-product-trio) .pt-adopt-axis,(max-width: 860px),padding-left,30px,space.8,32px,changed,
spacing,assets/css/base.css,:where(.pg-product-trio) .pt-adopt-axis,(max-width: 860px),margin-bottom,10px,space.3,12px,changed,10px tie — rounded up
font-size,assets/css/base.css,:where(.pg-product-trio) .pt-adopt-axis span,(max-width: 860px),font-size,9px,typography.caption,12px (mobile end of caption),changed,raised from 9px (legibility floor 12px)
spacing,assets/css/base.css,:where(.pg-product-trio) .pt-adopt-row,(max-width: 860px),gap,8px,space.2,8px,same,
spacing,assets/css/base.css,:where(.pg-product-trio) .pt-adopt-row,(max-width: 860px),margin-top,9px,space.2,8px,changed,
font-size,assets/css/base.css,:where(.pg-product-trio) .pt-adopt-label,(max-width: 860px),font-size,11px,typography.caption,12px (mobile end of caption),changed,raised from 11px (legibility floor 12px)
spacing,assets/css/base.css,:where(.pg-product-trio) .pt-adopt-bar,(max-width: 860px),padding-right,8px,space.2,8px,same,
font-size,assets/css/base.css,:where(.pg-product-trio) .pt-adopt-bar,(max-width: 860px),font-size,9px,typography.caption,12px (mobile end of caption),changed,raised from 9px (legibility floor 12px)
spacing,assets/css/base.css,:where(.pg-product-trio) .pt-step,,gap,24px,space.6,24px,same,
spacing,assets/css/base.css,:where(.pg-product-trio) .pt-step,,padding-bottom,44px,space.12,48px,changed,44px tie — rounded up
color,assets/css/base.css,:where(.pg-product-trio) .pt-step-line,,background,var(--line),color.border.subtle,var(--pm-color-border-subtle),same,
radius,assets/css/base.css,:where(.pg-product-trio) .pt-step-num,,border-radius,50%,radius.full,50% (circle — keep),same,
color,assets/css/base.css,:where(.pg-product-trio) .pt-step-num,,background,var(--bg-card),color.surface.card,var(--pm-color-surface-card),same,
color,assets/css/base.css,:where(.pg-product-trio) .pt-step-num,,border,var(--line),color.border.subtle,var(--pm-color-border-subtle),same,
font-size,assets/css/base.css,:where(.pg-product-trio) .pt-step-num,,font-size,20px,typography.lead,20px (desktop end of lead),same,
motion,assets/css/base.css,:where(.pg-product-trio) .pt-step-num,,transition,5s,"(ambient/looping — keep, add reduced-motion stop)",5s,excluded,
font-size,assets/css/base.css,:where(.pg-product-trio) .pt-step h3,,font-size,19px,typography.lead,20px (desktop end of lead),changed,tie between two roles — rounded up; review
color,assets/css/base.css,:where(.pg-product-trio) .pt-step h3,,color,var(--ink),color.text.primary,var(--pm-color-text-primary),same,
color,assets/css/base.css,:where(.pg-product-trio) .pt-step p,,color,var(--ink-dim),color.text.secondary,var(--pm-color-text-secondary),same,
font-size,assets/css/base.css,:where(.pg-product-trio) .pt-step p,,font-size,15px,typography.body,16px (desktop end of body),changed,tie between two roles — rounded up; review
line-height,assets/css/base.css,:where(.pg-product-trio) .pt-step p,,line-height,1.65,font.line-height.relaxed,1.65,same,
spacing,assets/css/base.css,:where(.pg-product-trio) .pt-step p,,margin-top,8px,space.2,8px,same,
spacing,assets/css/base.css,:where(.pg-product-trio) .pt-step,(max-width: 860px),gap,16px,space.4,16px,same,
spacing,assets/css/base.css,:where(.pg-product-trio) .pt-step,(max-width: 860px),padding-bottom,32px,space.8,32px,same,
font-size,assets/css/base.css,:where(.pg-product-trio) .pt-step-num,(max-width: 860px),font-size,17px,typography.lead,17px (mobile end of lead),same,
font-size,assets/css/base.css,:where(.pg-product-trio) .pt-step h3,(max-width: 860px),font-size,16px,typography.body,16px (mobile end of body),same,
font-size,assets/css/base.css,:where(.pg-product-trio) .pt-step p,(max-width: 860px),font-size,16px,typography.body,16px (mobile end of body),same,
line-height,assets/css/base.css,:where(.pg-product-trio) .pt-step p,(max-width: 860px),line-height,1.6,font.line-height.relaxed,1.65,changed,
spacing,assets/css/base.css,:where(.pg-product-trio) .pt-step p,(max-width: 860px),margin-top,6px,space.2,8px,changed,6px tie — rounded up
spacing,assets/css/base.css,:where(.pg-product-trio) .pt-check-row,,gap,16px,space.4,16px,same,
spacing,assets/css/base.css,:where(.pg-product-trio) .pt-check-row,,padding,18px 0,space.5,20px 0,changed,18px tie — rounded up
color,assets/css/base.css,:where(.pg-product-trio) .pt-check-row,,border-bottom,var(--line),color.border.subtle,var(--pm-color-border-subtle),same,
font-size,assets/css/base.css,:where(.pg-product-trio) .pt-check-row p,,font-size,16px,typography.body,16px (desktop end of body),same,
line-height,assets/css/base.css,:where(.pg-product-trio) .pt-check-row p,,line-height,1.6,font.line-height.relaxed,1.65,changed,
radius,assets/css/base.css,:where(.pg-product-trio) .pt-check,,border-radius,50%,radius.full,50% (circle — keep),same,
color,assets/css/base.css,:where(.pg-product-trio) .pt-check,,background,var(--coral),color.accent.primary,var(--pm-color-accent-primary),same,
color,assets/css/base.css,:where(.pg-product-trio) .pt-check,,color,#0A0C10,color.text.on-accent,var(--pm-color-text-on-accent),same,
font-size,assets/css/base.css,:where(.pg-product-trio) .pt-check,,font-size,17px,typography.body-lg,18px (desktop end of body-lg),changed,tie between two roles — rounded up; review
font-weight,assets/css/base.css,:where(.pg-product-trio) .pt-check,,font-weight,700,font.weight.bold,700,same,
spacing,assets/css/base.css,:where(.pg-product-trio) .pt-check-row,(max-width: 860px),gap,14px,space.4,16px,changed,14px tie — rounded up
spacing,assets/css/base.css,:where(.pg-product-trio) .pt-check-row,(max-width: 860px),padding,16px 0,space.4,16px 0,same,
font-size,assets/css/base.css,:where(.pg-product-trio) .pt-check-row p,(max-width: 860px),font-size,16px,typography.body,16px (mobile end of body),same,
font-size,assets/css/base.css,:where(.pg-product-trio) .pt-check,(max-width: 860px),font-size,15px,typography.body,16px (mobile end of body),changed,tie between two roles — rounded up; review
spacing,assets/css/base.css,:where(.pg-product-trio) .pt-quote-card,,padding,36px,space.10,40px,changed,36px tie — rounded up
font-size,assets/css/base.css,:where(.pg-product-trio) .pt-quote-card p,,font-size,24px,typography.heading-sm,24px (desktop end of heading-sm),same,
line-height,assets/css/base.css,:where(.pg-product-trio) .pt-quote-card p,,line-height,1.5,font.line-height.normal,1.5,same,
spacing,assets/css/base.css,:where(.pg-product-trio) .pt-quote-card,(max-width: 860px),padding,22px,space.6,24px,changed,22px tie — rounded up
font-size,assets/css/base.css,:where(.pg-product-trio) .pt-quote-card p,(max-width: 860px),font-size,21px,typography.heading-sm,20px (mobile end of heading-sm),changed,
spacing,assets/css/base.css,:where(.pg-product-trio) .pt-testimonial-card,,padding,32px,space.8,32px,same,
color,assets/css/base.css,:where(.pg-product-trio) .pt-testimonial-card,,border-color,"rgba(255, 106, 76, .35)",color.border.accent,var(--pm-color-border-accent),same,
font-size,assets/css/base.css,:where(.pg-product-trio) .pt-testimonial-card p,,font-size,16px,typography.body,16px (desktop end of body),same,
line-height,assets/css/base.css,:where(.pg-product-trio) .pt-testimonial-card p,,line-height,1.65,font.line-height.relaxed,1.65,same,
color,assets/css/base.css,:where(.pg-product-trio) .pt-testimonial-card p,,color,var(--ink-dim),color.text.secondary,var(--pm-color-text-secondary),same,
spacing,assets/css/base.css,:where(.pg-product-trio) .pt-testimonial-card cite,,margin-top,16px,space.4,16px,same,
font-size,assets/css/base.css,:where(.pg-product-trio) .pt-testimonial-card cite,,font-size,13px,typography.small,14px (desktop end of small),changed,tie between two roles — rounded up; review
color,assets/css/base.css,:where(.pg-product-trio) .pt-testimonial-card cite,,color,var(--ink-faint),color.text.tertiary,var(--pm-color-text-tertiary),changed,
spacing,assets/css/base.css,:where(.pg-product-trio) .pt-testimonial-card,(max-width: 860px),padding,22px,space.6,24px,changed,22px tie — rounded up
font-size,assets/css/base.css,:where(.pg-product-trio) .pt-testimonial-card p,(max-width: 860px),font-size,16px,typography.body,16px (mobile end of body),same,
line-height,assets/css/base.css,:where(.pg-product-trio) .pt-testimonial-card p,(max-width: 860px),line-height,1.65,font.line-height.relaxed,1.65,same,
spacing,assets/css/base.css,:where(.pg-product-trio) .pt-testimonial-card cite,(max-width: 860px),margin-top,12px,space.3,12px,same,
font-size,assets/css/base.css,:where(.pg-product-trio) .pt-testimonial-card cite,(max-width: 860px),font-size,12px,typography.caption,12px (mobile end of caption),same,
spacing,assets/css/base.css,:where(.pg-product-trio) .pt-cta-section,,padding,70px 0,space.16,64px 0,changed,
font-size,assets/css/base.css,:where(.pg-product-trio) .pt-cta-section h2,,font-size,34px,typography.heading-md,32px (desktop end of heading-md),changed,
spacing,assets/css/base.css,:where(.pg-product-trio) .pt-cta-section h2,,margin,0 auto 32px,space.8,0 auto 32px,same,
line-height,assets/css/base.css,:where(.pg-product-trio) .pt-cta-section h2,,line-height,1.3,font.line-height.snug,1.25,changed,
spacing,assets/css/base.css,:where(.pg-product-trio) .pt-cta-section,(max-width: 860px),padding,48px 0,space.12,48px 0,same,
font-size,assets/css/base.css,:where(.pg-product-trio) .pt-cta-section h2,(max-width: 860px),font-size,24px,typography.heading-md,24px (mobile end of heading-md),same,
spacing,assets/css/base.css,:where(.pg-product-trio) .pt-cta-section h2,(max-width: 860px),margin,0 auto 22px,space.6,0 auto 24px,changed,22px tie — rounded up
spacing,assets/css/base.css,:where(.pg-product-trio) .pt-cta-row,,gap,48px,space.12,48px,same,
spacing,assets/css/base.css,:where(.pg-product-trio) .pt-cta-row,(max-width: 860px),gap,36px,space.10,40px,changed,36px tie — rounded up
spacing,assets/css/base.css,:where(.pg-product-trio) .site-footer .wrap,,gap,6px,space.2,8px,changed,6px tie — rounded up
color,assets/css/base.css,:where(.pg-product-trio) .site-footer .wrap,,color,var(--ink-faint),color.text.tertiary,var(--pm-color-text-tertiary),changed,
font-size,assets/css/base.css,:where(.pg-product-trio) .site-footer .wrap,,font-size,12px,typography.caption,12px (desktop end of caption),same,
spacing,assets/css/base.css,:where(.pg-product-trio) .site-footer .wrap,,padding-top,24px,space.6,24px,same,
spacing,assets/css/base.css,:where(.pg-product-trio) .site-footer .wrap,,padding-bottom,24px,space.6,24px,same,
spacing,assets/css/base.css,:where(.pg-product-trio) .site-footer .wrap,(min-width: 861px),gap,12px,space.3,12px,same,
spacing,assets/css/base.css,:where(.pg-product-trio) .site-footer .wrap,(min-width: 861px),padding-top,32px,space.8,32px,same,
spacing,assets/css/base.css,:where(.pg-product-trio) .site-footer .wrap,(min-width: 861px),padding-bottom,32px,space.8,32px,same,
spacing,assets/css/base.css,:where(.pg-product-trio) .cs-top-nav,,padding-top,14px,space.4,16px,changed,14px tie — rounded up
spacing,assets/css/base.css,:where(.pg-product-trio) .cs-top-nav,(max-width: 860px),padding-top,10px,space.3,12px,changed,10px tie — rounded up
spacing,assets/css/base.css,:where(.pg-usability-testing) .nav-links,,gap,36px,space.10,40px,changed,36px tie — rounded up
font-size,assets/css/base.css,:where(.pg-usability-testing) .badge-label,,font-size,11px,typography.caption,12px (desktop end of caption),changed,raised from 11px (legibility floor 12px)
letter-spacing,assets/css/base.css,:where(.pg-usability-testing) .badge-label,,letter-spacing,.05em,font.tracking.caps,0.05em,same,
font-size,assets/css/base.css,:where(.pg-usability-testing) .badge-label,(max-width: 860px),font-size,9px,typography.caption,12px (mobile end of caption),changed,raised from 9px (legibility floor 12px)
letter-spacing,assets/css/base.css,:where(.pg-usability-testing) .badge-label,(max-width: 860px),letter-spacing,.04em,font.tracking.caps,0.05em,changed,
spacing,assets/css/base.css,:where(.pg-usability-testing) .ut-hero,,padding-top,48px,space.12,48px,same,
spacing,assets/css/base.css,:where(.pg-usability-testing) .ut-hero,,padding-bottom,60px,space.16,64px,changed,60px tie — rounded up
spacing,assets/css/base.css,:where(.pg-usability-testing) .ut-hero,(max-width: 860px),padding-top,24px,space.6,24px,same,
spacing,assets/css/base.css,:where(.pg-usability-testing) .ut-hero,(max-width: 860px),padding-bottom,36px,space.10,40px,changed,36px tie — rounded up
font-size,assets/css/base.css,:where(.pg-usability-testing) h1.hero,,font-size,52px,typography.display-md,60px (desktop end of display-md),changed,role by element (h1)
line-height,assets/css/base.css,:where(.pg-usability-testing) h1.hero,,line-height,1.12,font.line-height.tight,1.1,changed,
spacing,assets/css/base.css,:where(.pg-usability-testing) h1.hero,,margin-top,24px,space.6,24px,same,
font-size,assets/css/base.css,:where(.pg-usability-testing) .hero-sub,,font-size,19px,typography.lead,20px (desktop end of lead),changed,tie between two roles — rounded up; review
line-height,assets/css/base.css,:where(.pg-usability-testing) .hero-sub,,line-height,1.6,font.line-height.relaxed,1.65,changed,
color,assets/css/base.css,:where(.pg-usability-testing) .hero-sub,,color,var(--ink-dim),color.text.secondary,var(--pm-color-text-secondary),same,
spacing,assets/css/base.css,:where(.pg-usability-testing) .hero-sub,,margin-top,20px,space.5,20px,same,
font-size,assets/css/base.css,:where(.pg-usability-testing) h1.hero,(max-width: 860px),font-size,32px,typography.display-md,36px (mobile end of display-md),changed,role by element (h1)
line-height,assets/css/base.css,:where(.pg-usability-testing) h1.hero,(max-width: 860px),line-height,1.18,font.line-height.snug,1.25,changed,
spacing,assets/css/base.css,:where(.pg-usability-testing) h1.hero,(max-width: 860px),margin-top,18px,space.5,20px,changed,18px tie — rounded up
font-size,assets/css/base.css,:where(.pg-usability-testing) .hero-sub,(max-width: 860px),font-size,17px,typography.lead,17px (mobile end of lead),same,
spacing,assets/css/base.css,:where(.pg-usability-testing) .hero-sub,(max-width: 860px),margin-top,14px,space.4,16px,changed,14px tie — rounded up
color,assets/css/base.css,:where(.pg-usability-testing) .stat-bar,,border,var(--line),color.border.subtle,var(--pm-color-border-subtle),same,
radius,assets/css/base.css,:where(.pg-usability-testing) .stat-bar,,border-radius,20px,radius.lg,20px,same,
color,assets/css/base.css,:where(.pg-usability-testing) .stat-bar,,background,var(--bg-card),color.surface.card,var(--pm-color-surface-card),same,
spacing,assets/css/base.css,:where(.pg-usability-testing) .stat,,gap,4px,space.1,4px,same,
spacing,assets/css/base.css,:where(.pg-usability-testing) .stat,,padding,20px 24px,space.5 space.6,20px 24px,same,
color,assets/css/base.css,:where(.pg-usability-testing) .stat,,border-left,var(--line),color.border.subtle,var(--pm-color-border-subtle),same,
font-size,assets/css/base.css,:where(.pg-usability-testing) .stat b,,font-size,32px,typography.heading-md,32px (desktop end of heading-md),same,
font-weight,assets/css/base.css,:where(.pg-usability-testing) .stat b,,font-weight,400,font.weight.regular,400,same,
motion,assets/css/base.css,:where(.pg-usability-testing) .stat b,,transition,5s,"(ambient/looping — keep, add reduced-motion stop)",5s,excluded,
color,assets/css/base.css,:where(.pg-usability-testing) .stat span,,color,var(--ink-faint),color.text.tertiary,var(--pm-color-text-tertiary),changed,
font-size,assets/css/base.css,:where(.pg-usability-testing) .stat span,,font-size,13px,typography.small,14px (desktop end of small),changed,tie between two roles — rounded up; review
radius,assets/css/base.css,:where(.pg-usability-testing) .stat-bar,(max-width: 860px),border-radius,18px,radius.lg,20px,changed,
spacing,assets/css/base.css,:where(.pg-usability-testing) .stat-bar,(max-width: 860px),padding,4px 20px,space.1 space.5,4px 20px,same,
color,assets/css/base.css,:where(.pg-usability-testing) .stat,(max-width: 860px),border-bottom,var(--line),color.border.subtle,var(--pm-color-border-subtle),same,
spacing,assets/css/base.css,:where(.pg-usability-testing) .stat,(max-width: 860px),padding,18px 0,space.5,20px 0,changed,18px tie — rounded up
font-size,assets/css/base.css,:where(.pg-usability-testing) .stat b,(max-width: 860px),font-size,26px,typography.heading-lg,28px (mobile end of heading-lg),changed,tie between two roles — rounded up; review
font-size,assets/css/base.css,:where(.pg-usability-testing) .stat span,(max-width: 860px),font-size,12px,typography.caption,12px (mobile end of caption),same,
spacing,assets/css/base.css,:where(.pg-usability-testing) .section-grid,,gap,60px,space.16,64px,changed,60px tie — rounded up
font-size,assets/css/base.css,:where(.pg-usability-testing) .section-grid h2,,font-size,34px,typography.heading-md,32px (desktop end of heading-md),changed,
font-size,assets/css/base.css,:where(.pg-usability-testing) .section-grid h2,(max-width: 860px),font-size,24px,typography.heading-md,24px (mobile end of heading-md),same,
spacing,assets/css/base.css,:where(.pg-usability-testing) .section-grid h2,(max-width: 860px),margin-bottom,14px,space.4,16px,changed,14px tie — rounded up
color,assets/css/base.css,:where(.pg-usability-testing) .section-copy p,,color,var(--ink-dim),color.text.secondary,var(--pm-color-text-secondary),same,
font-size,assets/css/base.css,:where(.pg-usability-testing) .section-copy p,,font-size,17px,typography.body-lg,18px (desktop end of body-lg),changed,tie between two roles — rounded up; review
line-height,assets/css/base.css,:where(.pg-usability-testing) .section-copy p,,line-height,1.7,font.line-height.relaxed,1.65,changed,
font-size,assets/css/base.css,:where(.pg-usability-testing) .section-copy p,(max-width: 860px),font-size,17px,typography.lead,17px (mobile end of lead),same,
spacing,assets/css/base.css,:where(.pg-usability-testing) .toolkit-grid,,gap,20px,space.5,20px,same,
spacing,assets/css/base.css,:where(.pg-usability-testing) .toolkit-grid,,margin-top,40px,space.10,40px,same,
spacing,assets/css/base.css,:where(.pg-usability-testing) .toolkit-grid,(max-width: 860px),gap,14px,space.4,16px,changed,14px tie — rounded up
spacing,assets/css/base.css,:where(.pg-usability-testing) .toolkit-grid,(max-width: 860px),margin-top,24px,space.6,24px,same,
radius,assets/css/base.css,:where(.pg-usability-testing) .shot-img,,border-radius,14px,radius.md,12px,changed,
color,assets/css/base.css,:where(.pg-usability-testing) .shot-img,,border,var(--line),color.border.subtle,var(--pm-color-border-subtle),same,
color,assets/css/base.css,:where(.pg-usability-testing) .shot-img,,background,#fff,color.text.primary,var(--pm-color-text-primary),changed,#FFF folded into primary text #F3F1EC
font-size,assets/css/base.css,:where(.pg-usability-testing) .toolkit-grid h3,,font-size,18px,typography.body-lg,18px (desktop end of body-lg),same,
spacing,assets/css/base.css,:where(.pg-usability-testing) .toolkit-grid h3,,margin-top,18px,space.5,20px,changed,18px tie — rounded up
color,assets/css/base.css,:where(.pg-usability-testing) .toolkit-grid h3,,color,var(--ink),color.text.primary,var(--pm-color-text-primary),same,
color,assets/css/base.css,:where(.pg-usability-testing) .toolkit-grid p,,color,var(--ink-dim),color.text.secondary,var(--pm-color-text-secondary),same,
font-size,assets/css/base.css,:where(.pg-usability-testing) .toolkit-grid p,,font-size,14px,typography.small,14px (desktop end of small),same,
line-height,assets/css/base.css,:where(.pg-usability-testing) .toolkit-grid p,,line-height,1.6,font.line-height.relaxed,1.65,changed,
spacing,assets/css/base.css,:where(.pg-usability-testing) .toolkit-grid p,,margin-top,8px,space.2,8px,same,
font-size,assets/css/base.css,:where(.pg-usability-testing) .toolkit-grid h3,(max-width: 860px),font-size,16px,typography.body,16px (mobile end of body),same,
spacing,assets/css/base.css,:where(.pg-usability-testing) .toolkit-grid h3,(max-width: 860px),margin-top,14px,space.4,16px,changed,14px tie — rounded up
font-size,assets/css/base.css,:where(.pg-usability-testing) .toolkit-grid p,(max-width: 860px),font-size,15px,typography.body,16px (mobile end of body),changed,tie between two roles — rounded up; review
spacing,assets/css/base.css,:where(.pg-usability-testing) .toolkit-grid p,(max-width: 860px),margin-top,6px,space.2,8px,changed,6px tie — rounded up
spacing,assets/css/base.css,:where(.pg-usability-testing) .step,,gap,24px,space.6,24px,same,
spacing,assets/css/base.css,:where(.pg-usability-testing) .step,,padding-bottom,44px,space.12,48px,changed,44px tie — rounded up
color,assets/css/base.css,:where(.pg-usability-testing) .step-line,,background,var(--line),color.border.subtle,var(--pm-color-border-subtle),same,
radius,assets/css/base.css,:where(.pg-usability-testing) .step-num,,border-radius,50%,radius.full,50% (circle — keep),same,
color,assets/css/base.css,:where(.pg-usability-testing) .step-num,,background,var(--bg-card),color.surface.card,var(--pm-color-surface-card),same,
color,assets/css/base.css,:where(.pg-usability-testing) .step-num,,border,var(--line),color.border.subtle,var(--pm-color-border-subtle),same,
font-size,assets/css/base.css,:where(.pg-usability-testing) .step-num,,font-size,20px,typography.lead,20px (desktop end of lead),same,
motion,assets/css/base.css,:where(.pg-usability-testing) .step-num,,transition,5s,"(ambient/looping — keep, add reduced-motion stop)",5s,excluded,
font-size,assets/css/base.css,:where(.pg-usability-testing) .step h3,,font-size,19px,typography.lead,20px (desktop end of lead),changed,tie between two roles — rounded up; review
color,assets/css/base.css,:where(.pg-usability-testing) .step h3,,color,var(--ink),color.text.primary,var(--pm-color-text-primary),same,
color,assets/css/base.css,:where(.pg-usability-testing) .step p,,color,var(--ink-dim),color.text.secondary,var(--pm-color-text-secondary),same,
font-size,assets/css/base.css,:where(.pg-usability-testing) .step p,,font-size,15px,typography.body,16px (desktop end of body),changed,tie between two roles — rounded up; review
line-height,assets/css/base.css,:where(.pg-usability-testing) .step p,,line-height,1.65,font.line-height.relaxed,1.65,same,
spacing,assets/css/base.css,:where(.pg-usability-testing) .step p,,margin-top,8px,space.2,8px,same,
spacing,assets/css/base.css,:where(.pg-usability-testing) .step,(max-width: 860px),gap,16px,space.4,16px,same,
spacing,assets/css/base.css,:where(.pg-usability-testing) .step,(max-width: 860px),padding-bottom,32px,space.8,32px,same,
font-size,assets/css/base.css,:where(.pg-usability-testing) .step-num,(max-width: 860px),font-size,17px,typography.lead,17px (mobile end of lead),same,
font-size,assets/css/base.css,:where(.pg-usability-testing) .step h3,(max-width: 860px),font-size,16px,typography.body,16px (mobile end of body),same,
font-size,assets/css/base.css,:where(.pg-usability-testing) .step p,(max-width: 860px),font-size,16px,typography.body,16px (mobile end of body),same,
spacing,assets/css/base.css,:where(.pg-usability-testing) .step p,(max-width: 860px),margin-top,6px,space.2,8px,changed,6px tie — rounded up
spacing,assets/css/base.css,:where(.pg-usability-testing) .check-row,,gap,16px,space.4,16px,same,
spacing,assets/css/base.css,:where(.pg-usability-testing) .check-row,,padding,18px 0,space.5,20px 0,changed,18px tie — rounded up
color,assets/css/base.css,:where(.pg-usability-testing) .check-row,,border-bottom,var(--line),color.border.subtle,var(--pm-color-border-subtle),same,
font-size,assets/css/base.css,:where(.pg-usability-testing) .check-row p,,font-size,16px,typography.body,16px (desktop end of body),same,
line-height,assets/css/base.css,:where(.pg-usability-testing) .check-row p,,line-height,1.6,font.line-height.relaxed,1.65,changed,
radius,assets/css/base.css,:where(.pg-usability-testing) .check,,border-radius,50%,radius.full,50% (circle — keep),same,
color,assets/css/base.css,:where(.pg-usability-testing) .check,,background,var(--coral),color.accent.primary,var(--pm-color-accent-primary),same,
color,assets/css/base.css,:where(.pg-usability-testing) .check,,color,#0A0C10,color.text.on-accent,var(--pm-color-text-on-accent),same,
font-size,assets/css/base.css,:where(.pg-usability-testing) .check,,font-size,17px,typography.body-lg,18px (desktop end of body-lg),changed,tie between two roles — rounded up; review
font-weight,assets/css/base.css,:where(.pg-usability-testing) .check,,font-weight,700,font.weight.bold,700,same,
spacing,assets/css/base.css,:where(.pg-usability-testing) .check-row,(max-width: 860px),gap,14px,space.4,16px,changed,14px tie — rounded up
spacing,assets/css/base.css,:where(.pg-usability-testing) .check-row,(max-width: 860px),padding,16px 0,space.4,16px 0,same,
font-size,assets/css/base.css,:where(.pg-usability-testing) .check-row p,(max-width: 860px),font-size,16px,typography.body,16px (mobile end of body),same,
font-size,assets/css/base.css,:where(.pg-usability-testing) .check,(max-width: 860px),font-size,15px,typography.body,16px (mobile end of body),changed,tie between two roles — rounded up; review
font-size,assets/css/base.css,:where(.pg-usability-testing) .quote-card p,,font-size,24px,typography.heading-sm,24px (desktop end of heading-sm),same,
line-height,assets/css/base.css,:where(.pg-usability-testing) .quote-card p,,line-height,1.5,font.line-height.normal,1.5,same,
font-size,assets/css/base.css,:where(.pg-usability-testing) .quote-card p,(max-width: 860px),font-size,21px,typography.heading-sm,20px (mobile end of heading-sm),changed,
color,assets/css/base.css,:where(.pg-usability-testing) .testimonial-card,,border-color,"rgba(255, 106, 76, .35)",color.border.accent,var(--pm-color-border-accent),same,
font-size,assets/css/base.css,:where(.pg-usability-testing) .testimonial-card p.quote,,font-size,16px,typography.body,16px (desktop end of body),same,
line-height,assets/css/base.css,:where(.pg-usability-testing) .testimonial-card p.quote,,line-height,1.65,font.line-height.relaxed,1.65,same,
color,assets/css/base.css,:where(.pg-usability-testing) .testimonial-card p.quote,,color,var(--ink-dim),color.text.secondary,var(--pm-color-text-secondary),same,
spacing,assets/css/base.css,:where(.pg-usability-testing) .testimonial-card p.attribution,,margin-top,16px,space.4,16px,same,
font-size,assets/css/base.css,:where(.pg-usability-testing) .testimonial-card p.attribution,,font-size,13px,typography.small,14px (desktop end of small),changed,tie between two roles — rounded up; review
color,assets/css/base.css,:where(.pg-usability-testing) .testimonial-card p.attribution,,color,var(--ink-faint),color.text.tertiary,var(--pm-color-text-tertiary),changed,
font-size,assets/css/base.css,:where(.pg-usability-testing) .testimonial-card p.quote,(max-width: 860px),font-size,16px,typography.body,16px (mobile end of body),same,
spacing,assets/css/base.css,:where(.pg-usability-testing) .testimonial-card p.attribution,(max-width: 860px),margin-top,12px,space.3,12px,same,
font-size,assets/css/base.css,:where(.pg-usability-testing) .testimonial-card p.attribution,(max-width: 860px),font-size,12px,typography.caption,12px (mobile end of caption),same,
color,assets/css/base.css,:where(.pg-usability-testing) .cta-footer,,border-top,var(--line),color.border.subtle,var(--pm-color-border-subtle),same,
font-size,assets/css/base.css,:where(.pg-usability-testing) .cta-footer h2,,font-size,34px,typography.heading-md,32px (desktop end of heading-md),changed,
spacing,assets/css/base.css,:where(.pg-usability-testing) .cta-footer h2,,margin,0 auto 32px,space.8,0 auto 32px,same,
line-height,assets/css/base.css,:where(.pg-usability-testing) .cta-footer h2,,line-height,1.3,font.line-height.snug,1.25,changed,
spacing,assets/css/base.css,:where(.pg-usability-testing) .cta-links,,gap,48px,space.12,48px,same,
font-size,assets/css/base.css,:where(.pg-usability-testing) .cta-footer h2,(max-width: 860px),font-size,24px,typography.heading-md,24px (mobile end of heading-md),same,
spacing,assets/css/base.css,:where(.pg-usability-testing) .cta-footer h2,(max-width: 860px),margin-bottom,22px,space.6,24px,changed,22px tie — rounded up
spacing,assets/css/base.css,:where(.pg-usability-testing) .cta-links,(max-width: 860px),gap,16px,space.4,16px,same,
spacing,assets/css/base.css,:where(.pg-usability-testing) .site-footer .wrap,,gap,6px,space.2,8px,changed,6px tie — rounded up
color,assets/css/base.css,:where(.pg-usability-testing) .site-footer .wrap,,color,var(--ink-faint),color.text.tertiary,var(--pm-color-text-tertiary),changed,
font-size,assets/css/base.css,:where(.pg-usability-testing) .site-footer .wrap,,font-size,12px,typography.caption,12px (desktop end of caption),same,
spacing,assets/css/base.css,:where(.pg-usability-testing) .site-footer .wrap,,padding-top,24px,space.6,24px,same,
spacing,assets/css/base.css,:where(.pg-usability-testing) .site-footer .wrap,,padding-bottom,24px,space.6,24px,same,
spacing,assets/css/base.css,:where(.pg-usability-testing) .site-footer .wrap,(min-width: 861px),gap,12px,space.3,12px,same,
spacing,assets/css/base.css,:where(.pg-usability-testing) .site-footer .wrap,(min-width: 861px),padding-top,32px,space.8,32px,same,
spacing,assets/css/base.css,:where(.pg-usability-testing) .site-footer .wrap,(min-width: 861px),padding-bottom,32px,space.8,32px,same,
spacing,assets/css/base.css,:where(.pg-usability-testing) .cs-top-nav,,padding-top,14px,space.4,16px,changed,14px tie — rounded up
spacing,assets/css/base.css,:where(.pg-usability-testing) .cs-top-nav,(max-width: 860px),padding-top,10px,space.3,12px,changed,10px tie — rounded up
spacing,assets/css/base.css,:where(.pg-xcelerate) .nav-links,,gap,36px,space.10,40px,changed,36px tie — rounded up
font-size,assets/css/base.css,:where(.pg-xcelerate) .badge-label,,font-size,11px,typography.caption,12px (desktop end of caption),changed,raised from 11px (legibility floor 12px)
letter-spacing,assets/css/base.css,:where(.pg-xcelerate) .badge-label,,letter-spacing,.05em,font.tracking.caps,0.05em,same,
font-size,assets/css/base.css,:where(.pg-xcelerate) .badge-label,(max-width: 860px),font-size,9px,typography.caption,12px (mobile end of caption),changed,raised from 9px (legibility floor 12px)
letter-spacing,assets/css/base.css,:where(.pg-xcelerate) .badge-label,(max-width: 860px),letter-spacing,.04em,font.tracking.caps,0.05em,changed,
spacing,assets/css/base.css,:where(.pg-xcelerate) .cs-hero,,padding-top,48px,space.12,48px,same,
spacing,assets/css/base.css,:where(.pg-xcelerate) .cs-hero,,padding-bottom,60px,space.16,64px,changed,60px tie — rounded up
font-size,assets/css/base.css,:where(.pg-xcelerate) .cs-hero h1,,font-size,52px,typography.display-md,60px (desktop end of display-md),changed,role by element (h1)
line-height,assets/css/base.css,:where(.pg-xcelerate) .cs-hero h1,,line-height,1.12,font.line-height.tight,1.1,changed,
spacing,assets/css/base.css,:where(.pg-xcelerate) .cs-hero h1,,margin-top,24px,space.6,24px,same,
font-size,assets/css/base.css,:where(.pg-xcelerate) .cs-hero p,,font-size,19px,typography.lead,20px (desktop end of lead),changed,tie between two roles — rounded up; review
line-height,assets/css/base.css,:where(.pg-xcelerate) .cs-hero p,,line-height,1.6,font.line-height.relaxed,1.65,changed,
color,assets/css/base.css,:where(.pg-xcelerate) .cs-hero p,,color,var(--ink-dim),color.text.secondary,var(--pm-color-text-secondary),same,
spacing,assets/css/base.css,:where(.pg-xcelerate) .cs-hero p,,margin-top,20px,space.5,20px,same,
spacing,assets/css/base.css,:where(.pg-xcelerate) .cs-hero,(max-width: 860px),padding-top,24px,space.6,24px,same,
spacing,assets/css/base.css,:where(.pg-xcelerate) .cs-hero,(max-width: 860px),padding-bottom,36px,space.10,40px,changed,36px tie — rounded up
font-size,assets/css/base.css,:where(.pg-xcelerate) .cs-hero h1,(max-width: 860px),font-size,32px,typography.display-md,36px (mobile end of display-md),changed,role by element (h1)
line-height,assets/css/base.css,:where(.pg-xcelerate) .cs-hero h1,(max-width: 860px),line-height,1.18,font.line-height.snug,1.25,changed,
spacing,assets/css/base.css,:where(.pg-xcelerate) .cs-hero h1,(max-width: 860px),margin-top,18px,space.5,20px,changed,18px tie — rounded up
font-size,assets/css/base.css,:where(.pg-xcelerate) .cs-hero p,(max-width: 860px),font-size,15px,typography.body,16px (mobile end of body),changed,tie between two roles — rounded up; review
spacing,assets/css/base.css,:where(.pg-xcelerate) .cs-hero p,(max-width: 860px),margin-top,14px,space.4,16px,changed,14px tie — rounded up
spacing,assets/css/base.css,:where(.pg-xcelerate) .cs-stats,,padding-bottom,80px,space.20,80px,same,
color,assets/css/base.css,:where(.pg-xcelerate) .stat-bar,,border,var(--line),color.border.subtle,var(--pm-color-border-subtle),same,
radius,assets/css/base.css,:where(.pg-xcelerate) .stat-bar,,border-radius,20px,radius.lg,20px,same,
color,assets/css/base.css,:where(.pg-xcelerate) .stat-bar,,background,var(--bg-card),color.surface.card,var(--pm-color-surface-card),same,
spacing,assets/css/base.css,:where(.pg-xcelerate) .stat,,gap,4px,space.1,4px,same,
spacing,assets/css/base.css,:where(.pg-xcelerate) .stat,,padding,20px 24px,space.5 space.6,20px 24px,same,
color,assets/css/base.css,:where(.pg-xcelerate) .stat,,border-left,var(--line),color.border.subtle,var(--pm-color-border-subtle),same,
font-size,assets/css/base.css,:where(.pg-xcelerate) .stat b,,font-size,32px,typography.heading-md,32px (desktop end of heading-md),same,
font-weight,assets/css/base.css,:where(.pg-xcelerate) .stat b,,font-weight,400,font.weight.regular,400,same,
motion,assets/css/base.css,:where(.pg-xcelerate) .stat b,,transition,5s,"(ambient/looping — keep, add reduced-motion stop)",5s,excluded,
color,assets/css/base.css,:where(.pg-xcelerate) .stat span,,color,var(--ink-faint),color.text.tertiary,var(--pm-color-text-tertiary),changed,
font-size,assets/css/base.css,:where(.pg-xcelerate) .stat span,,font-size,13px,typography.small,14px (desktop end of small),changed,tie between two roles — rounded up; review
spacing,assets/css/base.css,:where(.pg-xcelerate) .cs-stats,(max-width: 860px),padding-bottom,44px,space.12,48px,changed,44px tie — rounded up
radius,assets/css/base.css,:where(.pg-xcelerate) .stat-bar,(max-width: 860px),border-radius,18px,radius.lg,20px,changed,
spacing,assets/css/base.css,:where(.pg-xcelerate) .stat-bar,(max-width: 860px),padding,4px 20px,space.1 space.5,4px 20px,same,
spacing,assets/css/base.css,:where(.pg-xcelerate) .stat,(max-width: 860px),padding,18px 0,space.5,20px 0,changed,18px tie — rounded up
color,assets/css/base.css,:where(.pg-xcelerate) .stat,(max-width: 860px),border-bottom,var(--line),color.border.subtle,var(--pm-color-border-subtle),same,
font-size,assets/css/base.css,:where(.pg-xcelerate) .stat b,(max-width: 860px),font-size,26px,typography.heading-lg,28px (mobile end of heading-lg),changed,tie between two roles — rounded up; review
font-size,assets/css/base.css,:where(.pg-xcelerate) .stat span,(max-width: 860px),font-size,12px,typography.caption,12px (mobile end of caption),same,
spacing,assets/css/base.css,:where(.pg-xcelerate) .cs-visual,,padding-top,20px,space.5,20px,same,
spacing,assets/css/base.css,:where(.pg-xcelerate) .cs-visual,,padding-bottom,100px,space.24,96px,changed,
font-size,assets/css/base.css,:where(.pg-xcelerate) .cs-visual h2,,font-size,38px,typography.heading-lg,40px (desktop end of heading-lg),changed,
line-height,assets/css/base.css,:where(.pg-xcelerate) .cs-visual h2,,line-height,1.2,font.line-height.snug,1.25,changed,
color,assets/css/base.css,:where(.pg-xcelerate) .cs-visual > p,,color,var(--ink-dim),color.text.secondary,var(--pm-color-text-secondary),same,
font-size,assets/css/base.css,:where(.pg-xcelerate) .cs-visual > p,,font-size,16px,typography.body,16px (desktop end of body),same,
line-height,assets/css/base.css,:where(.pg-xcelerate) .cs-visual > p,,line-height,1.65,font.line-height.relaxed,1.65,same,
spacing,assets/css/base.css,:where(.pg-xcelerate) .cs-visual > p,,margin-top,20px,space.5,20px,same,
spacing,assets/css/base.css,:where(.pg-xcelerate) .visual-grid,,gap,20px,space.5,20px,same,
spacing,assets/css/base.css,:where(.pg-xcelerate) .visual-grid,,margin-top,40px,space.10,40px,same,
font-size,assets/css/base.css,:where(.pg-xcelerate) .visual-grid h3,,font-size,18px,typography.body-lg,18px (desktop end of body-lg),same,
spacing,assets/css/base.css,:where(.pg-xcelerate) .visual-grid h3,,margin-top,18px,space.5,20px,changed,18px tie — rounded up
color,assets/css/base.css,:where(.pg-xcelerate) .visual-grid h3,,color,var(--ink),color.text.primary,var(--pm-color-text-primary),same,
color,assets/css/base.css,:where(.pg-xcelerate) .visual-grid p,,color,var(--ink-dim),color.text.secondary,var(--pm-color-text-secondary),same,
font-size,assets/css/base.css,:where(.pg-xcelerate) .visual-grid p,,font-size,14px,typography.small,14px (desktop end of small),same,
line-height,assets/css/base.css,:where(.pg-xcelerate) .visual-grid p,,line-height,1.6,font.line-height.relaxed,1.65,changed,
spacing,assets/css/base.css,:where(.pg-xcelerate) .visual-grid p,,margin-top,8px,space.2,8px,same,
spacing,assets/css/base.css,:where(.pg-xcelerate) .cs-visual,(max-width: 860px),padding-bottom,56px,space.14,56px,same,
font-size,assets/css/base.css,:where(.pg-xcelerate) .cs-visual h2,(max-width: 860px),font-size,24px,typography.heading-md,24px (mobile end of heading-md),same,
line-height,assets/css/base.css,:where(.pg-xcelerate) .cs-visual h2,(max-width: 860px),line-height,1.25,font.line-height.snug,1.25,same,
font-size,assets/css/base.css,:where(.pg-xcelerate) .cs-visual > p,(max-width: 860px),font-size,14px,typography.small,14px (mobile end of small),same,
spacing,assets/css/base.css,:where(.pg-xcelerate) .cs-visual > p,(max-width: 860px),margin-top,14px,space.4,16px,changed,14px tie — rounded up
spacing,assets/css/base.css,:where(.pg-xcelerate) .visual-grid,(max-width: 860px),gap,14px,space.4,16px,changed,14px tie — rounded up
spacing,assets/css/base.css,:where(.pg-xcelerate) .visual-grid,(max-width: 860px),margin-top,24px,space.6,24px,same,
font-size,assets/css/base.css,:where(.pg-xcelerate) .visual-grid h3,(max-width: 860px),font-size,16px,typography.body,16px (mobile end of body),same,
spacing,assets/css/base.css,:where(.pg-xcelerate) .visual-grid h3,(max-width: 860px),margin-top,14px,space.4,16px,changed,14px tie — rounded up
font-size,assets/css/base.css,:where(.pg-xcelerate) .visual-grid p,(max-width: 860px),font-size,13px,typography.small,14px (mobile end of small),changed,tie between two roles — rounded up; review
spacing,assets/css/base.css,:where(.pg-xcelerate) .visual-grid p,(max-width: 860px),margin-top,6px,space.2,8px,changed,6px tie — rounded up
radius,assets/css/base.css,:where(.pg-xcelerate) .shot-img,,border-radius,14px,radius.md,12px,changed,
color,assets/css/base.css,:where(.pg-xcelerate) .shot-img,,border,var(--line),color.border.subtle,var(--pm-color-border-subtle),same,
motion,assets/css/base.css,:where(.pg-xcelerate) .shot-img,,transition,.2s,duration.fast,200ms,same,
color,assets/css/base.css,":where(.pg-xcelerate) .shot-btn:hover .shot-img, :where(.pg-xcelerate) .shot-btn:focus-visible .shot-img",,border-color,var(--cyan),color.accent.secondary,var(--pm-color-accent-secondary),same,
color,assets/css/base.css,:where(.pg-xcelerate) .modal-overlay,,background,"rgba(10,12,16,.97)",color.surface.scrim-strong,var(--pm-color-surface-scrim-strong),same,
spacing,assets/css/base.css,:where(.pg-xcelerate) .modal-overlay,,padding,32px,space.8,32px,same,
radius,assets/css/base.css,:where(.pg-xcelerate) .modal-img,,border-radius,14px,radius.md,12px,changed,
radius,assets/css/base.css,:where(.pg-xcelerate) .modal-close,,border-radius,50%,radius.full,50% (circle — keep),same,
color,assets/css/base.css,:where(.pg-xcelerate) .modal-close,,background,var(--bg-card),color.surface.card,var(--pm-color-surface-card),same,
color,assets/css/base.css,:where(.pg-xcelerate) .modal-close,,border,var(--line),color.border.subtle,var(--pm-color-border-subtle),same,
color,assets/css/base.css,:where(.pg-xcelerate) .modal-close,,color,var(--ink),color.text.primary,var(--pm-color-text-primary),same,
font-size,assets/css/base.css,:where(.pg-xcelerate) .modal-close,,font-size,18px,typography.body-lg,18px (desktop end of body-lg),same,
line-height,assets/css/base.css,:where(.pg-xcelerate) .modal-close,,line-height,1,font.line-height.none,1,same,
color,assets/css/base.css,:where(.pg-xcelerate) .modal-close:hover,,border-color,var(--cyan),color.accent.secondary,var(--pm-color-accent-secondary),same,
color,assets/css/base.css,:where(.pg-xcelerate) .modal-close:hover,,color,var(--cyan),color.accent.secondary,var(--pm-color-accent-secondary),same,
spacing,assets/css/base.css,:where(.pg-xcelerate) .cs-top-nav,,padding-top,14px,space.4,16px,changed,14px tie — rounded up
spacing,assets/css/base.css,:where(.pg-xcelerate) .cs-top-nav,(max-width: 860px),padding-top,10px,space.3,12px,changed,10px tie — rounded up
spacing,assets/css/base.css,:where(.pg-xcelerate) .two-col,,gap,60px,space.16,64px,changed,60px tie — rounded up
font-size,assets/css/base.css,:where(.pg-xcelerate) .two-col h2,,font-size,34px,typography.heading-md,32px (desktop end of heading-md),changed,
color,assets/css/base.css,:where(.pg-xcelerate) .two-col .body-copy p,,color,var(--ink-dim),color.text.secondary,var(--pm-color-text-secondary),same,
font-size,assets/css/base.css,:where(.pg-xcelerate) .two-col .body-copy p,,font-size,17px,typography.body-lg,18px (desktop end of body-lg),changed,tie between two roles — rounded up; review
line-height,assets/css/base.css,:where(.pg-xcelerate) .two-col .body-copy p,,line-height,1.7,font.line-height.relaxed,1.65,changed,
font-size,assets/css/base.css,:where(.pg-xcelerate) .two-col h2,(max-width: 860px),font-size,24px,typography.heading-md,24px (mobile end of heading-md),same,
spacing,assets/css/base.css,:where(.pg-xcelerate) .two-col h2,(max-width: 860px),margin-bottom,14px,space.4,16px,changed,14px tie — rounded up
spacing,assets/css/base.css,:where(.pg-xcelerate) .two-col.approach h2,(max-width: 860px),margin-bottom,20px,space.5,20px,same,
font-size,assets/css/base.css,:where(.pg-xcelerate) .two-col .body-copy p,(max-width: 860px),font-size,15px,typography.body,16px (mobile end of body),changed,tie between two roles — rounded up; review
line-height,assets/css/base.css,:where(.pg-xcelerate) .two-col .body-copy p,(max-width: 860px),line-height,1.7,font.line-height.relaxed,1.65,changed,
spacing,assets/css/base.css,:where(.pg-xcelerate) .sec-pad,,padding-bottom,100px,space.24,96px,changed,
spacing,assets/css/base.css,:where(.pg-xcelerate) .sec-pad-lg,,padding-bottom,120px,space.32,128px,changed,
spacing,assets/css/base.css,:where(.pg-xcelerate) .sec-pad,(max-width: 860px),padding-bottom,56px,space.14,56px,same,
spacing,assets/css/base.css,:where(.pg-xcelerate) .sec-pad-lg,(max-width: 860px),padding-bottom,64px,space.16,64px,same,
spacing,assets/css/base.css,:where(.pg-xcelerate) .step,,gap,24px,space.6,24px,same,
spacing,assets/css/base.css,:where(.pg-xcelerate) .step,,padding-bottom,44px,space.12,48px,changed,44px tie — rounded up
color,assets/css/base.css,:where(.pg-xcelerate) .step-line,,background,var(--line),color.border.subtle,var(--pm-color-border-subtle),same,
radius,assets/css/base.css,:where(.pg-xcelerate) .step-num,,border-radius,50%,radius.full,50% (circle — keep),same,
color,assets/css/base.css,:where(.pg-xcelerate) .step-num,,background,var(--bg-card),color.surface.card,var(--pm-color-surface-card),same,
color,assets/css/base.css,:where(.pg-xcelerate) .step-num,,border,var(--line),color.border.subtle,var(--pm-color-border-subtle),same,
font-size,assets/css/base.css,:where(.pg-xcelerate) .step-num,,font-size,20px,typography.lead,20px (desktop end of lead),same,
motion,assets/css/base.css,:where(.pg-xcelerate) .step-num,,transition,5s,"(ambient/looping — keep, add reduced-motion stop)",5s,excluded,
font-size,assets/css/base.css,:where(.pg-xcelerate) .step h3,,font-size,19px,typography.lead,20px (desktop end of lead),changed,tie between two roles — rounded up; review
color,assets/css/base.css,:where(.pg-xcelerate) .step h3,,color,var(--ink),color.text.primary,var(--pm-color-text-primary),same,
color,assets/css/base.css,:where(.pg-xcelerate) .step p,,color,var(--ink-dim),color.text.secondary,var(--pm-color-text-secondary),same,
font-size,assets/css/base.css,:where(.pg-xcelerate) .step p,,font-size,15px,typography.body,16px (desktop end of body),changed,tie between two roles — rounded up; review
line-height,assets/css/base.css,:where(.pg-xcelerate) .step p,,line-height,1.65,font.line-height.relaxed,1.65,same,
spacing,assets/css/base.css,:where(.pg-xcelerate) .step p,,margin-top,8px,space.2,8px,same,
spacing,assets/css/base.css,:where(.pg-xcelerate) .step,(max-width: 860px),gap,16px,space.4,16px,same,
spacing,assets/css/base.css,:where(.pg-xcelerate) .step,(max-width: 860px),padding-bottom,32px,space.8,32px,same,
font-size,assets/css/base.css,:where(.pg-xcelerate) .step-num,(max-width: 860px),font-size,17px,typography.lead,17px (mobile end of lead),same,
font-size,assets/css/base.css,:where(.pg-xcelerate) .step h3,(max-width: 860px),font-size,16px,typography.body,16px (mobile end of body),same,
font-size,assets/css/base.css,:where(.pg-xcelerate) .step p,(max-width: 860px),font-size,14px,typography.small,14px (mobile end of small),same,
spacing,assets/css/base.css,:where(.pg-xcelerate) .step p,(max-width: 860px),margin-top,6px,space.2,8px,changed,6px tie — rounded up
spacing,assets/css/base.css,:where(.pg-xcelerate) .cs-outcomes,,padding-top,100px,space.24,96px,changed,
spacing,assets/css/base.css,:where(.pg-xcelerate) .cs-outcomes,,padding-bottom,100px,space.24,96px,changed,
font-size,assets/css/base.css,:where(.pg-xcelerate) .cs-outcomes h2,,font-size,38px,typography.heading-lg,40px (desktop end of heading-lg),changed,
spacing,assets/css/base.css,:where(.pg-xcelerate) .cs-outcomes h2,,margin-bottom,36px,space.10,40px,changed,36px tie — rounded up
spacing,assets/css/base.css,:where(.pg-xcelerate) .check-row,,gap,16px,space.4,16px,same,
spacing,assets/css/base.css,:where(.pg-xcelerate) .check-row,,padding,18px 0,space.5,20px 0,changed,18px tie — rounded up
color,assets/css/base.css,:where(.pg-xcelerate) .check-row,,border-bottom,var(--line),color.border.subtle,var(--pm-color-border-subtle),same,
font-size,assets/css/base.css,:where(.pg-xcelerate) .check-row p,,font-size,16px,typography.body,16px (desktop end of body),same,
line-height,assets/css/base.css,:where(.pg-xcelerate) .check-row p,,line-height,1.6,font.line-height.relaxed,1.65,changed,
radius,assets/css/base.css,:where(.pg-xcelerate) .check,,border-radius,50%,radius.full,50% (circle — keep),same,
color,assets/css/base.css,:where(.pg-xcelerate) .check,,background,var(--coral),color.accent.primary,var(--pm-color-accent-primary),same,
color,assets/css/base.css,:where(.pg-xcelerate) .check,,color,#0A0C10,color.text.on-accent,var(--pm-color-text-on-accent),same,
font-size,assets/css/base.css,:where(.pg-xcelerate) .check,,font-size,17px,typography.body-lg,18px (desktop end of body-lg),changed,tie between two roles — rounded up; review
font-weight,assets/css/base.css,:where(.pg-xcelerate) .check,,font-weight,700,font.weight.bold,700,same,
spacing,assets/css/base.css,:where(.pg-xcelerate) .cs-outcomes,(max-width: 860px),padding-top,56px,space.14,56px,same,
spacing,assets/css/base.css,:where(.pg-xcelerate) .cs-outcomes,(max-width: 860px),padding-bottom,56px,space.14,56px,same,
font-size,assets/css/base.css,:where(.pg-xcelerate) .cs-outcomes h2,(max-width: 860px),font-size,26px,typography.heading-lg,28px (mobile end of heading-lg),changed,tie between two roles — rounded up; review
spacing,assets/css/base.css,:where(.pg-xcelerate) .cs-outcomes h2,(max-width: 860px),margin-bottom,20px,space.5,20px,same,
spacing,assets/css/base.css,:where(.pg-xcelerate) .check-row,(max-width: 860px),gap,14px,space.4,16px,changed,14px tie — rounded up
spacing,assets/css/base.css,:where(.pg-xcelerate) .check-row,(max-width: 860px),padding,16px 0,space.4,16px 0,same,
font-size,assets/css/base.css,:where(.pg-xcelerate) .check-row p,(max-width: 860px),font-size,14px,typography.small,14px (mobile end of small),same,
font-size,assets/css/base.css,:where(.pg-xcelerate) .check,(max-width: 860px),font-size,15px,typography.body,16px (mobile end of body),changed,tie between two roles — rounded up; review
spacing,assets/css/base.css,:where(.pg-xcelerate) .key-learning-card,,padding,36px,space.10,40px,changed,36px tie — rounded up
font-size,assets/css/base.css,:where(.pg-xcelerate) .key-learning-card p,,font-size,24px,typography.heading-sm,24px (desktop end of heading-sm),same,
line-height,assets/css/base.css,:where(.pg-xcelerate) .key-learning-card p,,line-height,1.5,font.line-height.normal,1.5,same,
spacing,assets/css/base.css,:where(.pg-xcelerate) .key-learning-card,(max-width: 860px),padding,22px,space.6,24px,changed,22px tie — rounded up
font-size,assets/css/base.css,:where(.pg-xcelerate) .key-learning-card p,(max-width: 860px),font-size,19px,typography.heading-sm,20px (mobile end of heading-sm),changed,tie between two roles — rounded up; review
spacing,assets/css/base.css,:where(.pg-xcelerate) .cs-cta,,padding,70px 0,space.16,64px 0,changed,
font-size,assets/css/base.css,:where(.pg-xcelerate) .cs-cta h2,,font-size,34px,typography.heading-md,32px (desktop end of heading-md),changed,
spacing,assets/css/base.css,:where(.pg-xcelerate) .cs-cta h2,,margin,0 auto 32px,space.8,0 auto 32px,same,
line-height,assets/css/base.css,:where(.pg-xcelerate) .cs-cta h2,,line-height,1.3,font.line-height.snug,1.25,changed,
spacing,assets/css/base.css,:where(.pg-xcelerate) .cs-cta-actions,,gap,48px,space.12,48px,same,
spacing,assets/css/base.css,:where(.pg-xcelerate) .cs-cta,(max-width: 860px),padding,48px 0,space.12,48px 0,same,
font-size,assets/css/base.css,:where(.pg-xcelerate) .cs-cta h2,(max-width: 860px),font-size,24px,typography.heading-md,24px (mobile end of heading-md),same,
spacing,assets/css/base.css,:where(.pg-xcelerate) .cs-cta h2,(max-width: 860px),margin,0 0 22px,space.6,0 0 24px,changed,22px tie — rounded up
spacing,assets/css/base.css,:where(.pg-xcelerate) .cs-cta-actions,(max-width: 860px),gap,16px,space.4,16px,same,
spacing,assets/css/base.css,:where(.pg-xcelerate) .site-footer .wrap,,gap,6px,space.2,8px,changed,6px tie — rounded up
color,assets/css/base.css,:where(.pg-xcelerate) .site-footer .wrap,,color,var(--ink-faint),color.text.tertiary,var(--pm-color-text-tertiary),changed,
font-size,assets/css/base.css,:where(.pg-xcelerate) .site-footer .wrap,,font-size,12px,typography.caption,12px (desktop end of caption),same,
spacing,assets/css/base.css,:where(.pg-xcelerate) .site-footer .wrap,,padding-top,24px,space.6,24px,same,
spacing,assets/css/base.css,:where(.pg-xcelerate) .site-footer .wrap,,padding-bottom,24px,space.6,24px,same,
spacing,assets/css/base.css,:where(.pg-xcelerate) .site-footer .wrap,(min-width: 861px),gap,12px,space.3,12px,same,
spacing,assets/css/base.css,:where(.pg-xcelerate) .site-footer .wrap,(min-width: 861px),padding-top,32px,space.8,32px,same,
spacing,assets/css/base.css,:where(.pg-xcelerate) .site-footer .wrap,(min-width: 861px),padding-bottom,32px,space.8,32px,same,
color,about.html (inline),div,,background,var(--bg),color.surface.page,var(--pm-color-surface-page),same,
color,about.html (inline),div,,background,var(--bg),color.surface.page,var(--pm-color-surface-page),same,
spacing,about.html (inline),div,,gap,10px,space.3,12px,changed,10px tie — rounded up
font-weight,about.html (inline),div,,font-weight,700,font.weight.bold,700,same,
letter-spacing,about.html (inline),div,,letter-spacing,.02em,font.tracking.wide,0.02em,same,
font-size,about.html (inline),div,,font-size,15px,typography.body,16px (desktop end of body),changed,tie between two roles — rounded up; review
spacing,about.html (inline),a,,gap,7px,space.2,8px,changed,
spacing,about.html (inline),a,,margin-left,6px,space.2,8px,changed,6px tie — rounded up
spacing,about.html (inline),a,,padding-left,14px,space.4,16px,changed,14px tie — rounded up
color,about.html (inline),a,,border-left,"rgba(255,255,255,.22)",color.border.strong,var(--pm-color-border-strong),changed,
font-weight,about.html (inline),span.badge-label,,font-weight,600,font.weight.semibold,600,same,
color,about.html (inline),span.badge-label,,color,var(--ink-faint),color.text.tertiary,var(--pm-color-text-tertiary),changed,
spacing,about.html (inline),a.btn.btn-ghost.magnetic,,padding,11px 20px,space.3 space.5,12px 20px,changed,
font-size,about.html (inline),a.btn.btn-ghost.magnetic,,font-size,14px,typography.small,14px (desktop end of small),same,
color,about.html (inline),div,,background,"rgba(255,255,255,.18)",color.alpha.white-a18,var(--pm-color-alpha-white-a18),same,
color,about.html (inline),div,,background,var(--grad),gradient.brand,var(--pm-gradient-brand),same,
color,about.html (inline),button.menu-btn,,border-color,var(--coral),color.accent.primary,var(--pm-color-accent-primary),same,
spacing,about.html (inline),div,,margin-top,24px,space.6,24px,same,
color,about.html (inline),a,,color,var(--coral),color.accent.primary,var(--pm-color-accent-primary),same,
spacing,about.html (inline),div.hero.wrap,,padding-top,64px,space.16,64px,same,
spacing,about.html (inline),div.hero.wrap,,padding-bottom,24px,space.6,24px,same,
color,about.html (inline),span,,text-shadow,var(--cyan),color.accent.secondary,var(--pm-color-accent-secondary),same,
color,about.html (inline),span,,text-shadow,var(--coral),color.accent.primary,var(--pm-color-accent-primary),same,
spacing,about.html (inline),div.wrap.about-chunks,,padding-top,24px,space.6,24px,same,
spacing,about.html (inline),div.wrap.about-chunks,,padding-bottom,140px,space.32,128px,changed,
spacing,about.html (inline),p,,margin-top,20px,space.5,20px,same,
spacing,about.html (inline),p,,margin-top,20px,space.5,20px,same,
spacing,about.html (inline),div,,gap,16px,space.4,16px,same,
spacing,about.html (inline),div,,margin-top,32px,space.8,32px,same,
color,ai-augmented-practice.html (inline),div,,background,var(--bg),color.surface.page,var(--pm-color-surface-page),same,
color,ai-augmented-practice.html (inline),div,,background,var(--bg),color.surface.page,var(--pm-color-surface-page),same,
spacing,ai-augmented-practice.html (inline),div,,gap,10px,space.3,12px,changed,10px tie — rounded up
font-weight,ai-augmented-practice.html (inline),div,,font-weight,700,font.weight.bold,700,same,
letter-spacing,ai-augmented-practice.html (inline),div,,letter-spacing,.02em,font.tracking.wide,0.02em,same,
font-size,ai-augmented-practice.html (inline),div,,font-size,15px,typography.body,16px (desktop end of body),changed,tie between two roles — rounded up; review
spacing,ai-augmented-practice.html (inline),a,,gap,7px,space.2,8px,changed,
spacing,ai-augmented-practice.html (inline),a,,margin-left,6px,space.2,8px,changed,6px tie — rounded up
spacing,ai-augmented-practice.html (inline),a,,padding-left,14px,space.4,16px,changed,14px tie — rounded up
color,ai-augmented-practice.html (inline),a,,border-left,"rgba(255,255,255,.22)",color.border.strong,var(--pm-color-border-strong),changed,
font-weight,ai-augmented-practice.html (inline),span.badge-label,,font-weight,600,font.weight.semibold,600,same,
color,ai-augmented-practice.html (inline),span.badge-label,,color,var(--ink-faint),color.text.tertiary,var(--pm-color-text-tertiary),changed,
spacing,ai-augmented-practice.html (inline),a.btn.btn-ghost.magnetic,,padding,11px 20px,space.3 space.5,12px 20px,changed,
font-size,ai-augmented-practice.html (inline),a.btn.btn-ghost.magnetic,,font-size,14px,typography.small,14px (desktop end of small),same,
color,ai-augmented-practice.html (inline),div,,background,"rgba(255,255,255,.18)",color.alpha.white-a18,var(--pm-color-alpha-white-a18),same,
color,ai-augmented-practice.html (inline),div,,background,var(--grad),gradient.brand,var(--pm-gradient-brand),same,
color,ai-augmented-practice.html (inline),button.menu-btn,,border-color,var(--coral),color.accent.primary,var(--pm-color-accent-primary),same,
spacing,ai-augmented-practice.html (inline),div,,margin-top,24px,space.6,24px,same,
color,ai-augmented-practice.html (inline),a,,color,var(--coral),color.accent.primary,var(--pm-color-accent-primary),same,
color,ai-augmented-practice.html (inline),span.split-word,,text-shadow,var(--cyan),color.accent.secondary,var(--pm-color-accent-secondary),same,
color,ai-augmented-practice.html (inline),span.split-word,,text-shadow,var(--coral),color.accent.primary,var(--pm-color-accent-primary),same,
color,ai-augmented-practice.html (inline),div.footer-cta,,border-top,var(--line),color.border.subtle,var(--pm-color-border-subtle),same,
color,apply-platform.html (inline),div,,background,var(--bg),color.surface.page,var(--pm-color-surface-page),same,
color,apply-platform.html (inline),div,,background,var(--bg),color.surface.page,var(--pm-color-surface-page),same,
spacing,apply-platform.html (inline),div,,gap,10px,space.3,12px,changed,10px tie — rounded up
font-weight,apply-platform.html (inline),div,,font-weight,700,font.weight.bold,700,same,
letter-spacing,apply-platform.html (inline),div,,letter-spacing,.02em,font.tracking.wide,0.02em,same,
font-size,apply-platform.html (inline),div,,font-size,15px,typography.body,16px (desktop end of body),changed,tie between two roles — rounded up; review
spacing,apply-platform.html (inline),a,,gap,7px,space.2,8px,changed,
spacing,apply-platform.html (inline),a,,margin-left,6px,space.2,8px,changed,6px tie — rounded up
spacing,apply-platform.html (inline),a,,padding-left,14px,space.4,16px,changed,14px tie — rounded up
color,apply-platform.html (inline),a,,border-left,"rgba(255,255,255,.22)",color.border.strong,var(--pm-color-border-strong),changed,
font-weight,apply-platform.html (inline),span.badge-label,,font-weight,600,font.weight.semibold,600,same,
color,apply-platform.html (inline),span.badge-label,,color,var(--ink-faint),color.text.tertiary,var(--pm-color-text-tertiary),changed,
spacing,apply-platform.html (inline),a.btn.btn-ghost.magnetic,,padding,11px 20px,space.3 space.5,12px 20px,changed,
font-size,apply-platform.html (inline),a.btn.btn-ghost.magnetic,,font-size,14px,typography.small,14px (desktop end of small),same,
color,apply-platform.html (inline),div,,background,"rgba(255,255,255,.18)",color.alpha.white-a18,var(--pm-color-alpha-white-a18),same,
color,apply-platform.html (inline),div,,background,var(--grad),gradient.brand,var(--pm-gradient-brand),same,
color,apply-platform.html (inline),button.menu-btn,,border-color,var(--coral),color.accent.primary,var(--pm-color-accent-primary),same,
spacing,apply-platform.html (inline),div,,margin-top,24px,space.6,24px,same,
color,apply-platform.html (inline),a,,color,var(--coral),color.accent.primary,var(--pm-color-accent-primary),same,
color,apply-platform.html (inline),span,,text-shadow,var(--cyan),color.accent.secondary,var(--pm-color-accent-secondary),same,
color,apply-platform.html (inline),span,,text-shadow,var(--coral),color.accent.primary,var(--pm-color-accent-primary),same,
color,apply-platform.html (inline),div.sec-cta,,border-top,var(--line),color.border.subtle,var(--pm-color-border-subtle),same,
color,case-studies.html (inline),div,,background,var(--bg),color.surface.page,var(--pm-color-surface-page),same,
color,case-studies.html (inline),div,,background,var(--bg),color.surface.page,var(--pm-color-surface-page),same,
spacing,case-studies.html (inline),div,,gap,10px,space.3,12px,changed,10px tie — rounded up
font-weight,case-studies.html (inline),div,,font-weight,700,font.weight.bold,700,same,
letter-spacing,case-studies.html (inline),div,,letter-spacing,.02em,font.tracking.wide,0.02em,same,
font-size,case-studies.html (inline),div,,font-size,15px,typography.body,16px (desktop end of body),changed,tie between two roles — rounded up; review
spacing,case-studies.html (inline),a,,gap,7px,space.2,8px,changed,
spacing,case-studies.html (inline),a,,margin-left,6px,space.2,8px,changed,6px tie — rounded up
spacing,case-studies.html (inline),a,,padding-left,14px,space.4,16px,changed,14px tie — rounded up
color,case-studies.html (inline),a,,border-left,"rgba(255,255,255,.22)",color.border.strong,var(--pm-color-border-strong),changed,
font-weight,case-studies.html (inline),span.badge-label,,font-weight,600,font.weight.semibold,600,same,
color,case-studies.html (inline),span.badge-label,,color,var(--ink-faint),color.text.tertiary,var(--pm-color-text-tertiary),changed,
spacing,case-studies.html (inline),a.btn.btn-ghost.magnetic,,padding,11px 20px,space.3 space.5,12px 20px,changed,
font-size,case-studies.html (inline),a.btn.btn-ghost.magnetic,,font-size,14px,typography.small,14px (desktop end of small),same,
color,case-studies.html (inline),div,,background,"rgba(255,255,255,.18)",color.alpha.white-a18,var(--pm-color-alpha-white-a18),same,
color,case-studies.html (inline),div,,background,var(--grad),gradient.brand,var(--pm-gradient-brand),same,
color,case-studies.html (inline),button.menu-btn,,border-color,var(--coral),color.accent.primary,var(--pm-color-accent-primary),same,
spacing,case-studies.html (inline),div,,margin-top,24px,space.6,24px,same,
color,case-studies.html (inline),a,,color,var(--coral),color.accent.primary,var(--pm-color-accent-primary),same,
spacing,case-studies.html (inline),div.hero.wrap,,padding-top,64px,space.16,64px,same,
spacing,case-studies.html (inline),div.hero.wrap,,padding-bottom,24px,space.6,24px,same,
color,case-studies.html (inline),span,,text-shadow,var(--cyan),color.accent.secondary,var(--pm-color-accent-secondary),same,
color,case-studies.html (inline),span,,text-shadow,var(--coral),color.accent.primary,var(--pm-color-accent-primary),same,
spacing,case-studies.html (inline),div.wrap,,padding-top,24px,space.6,24px,same,
spacing,case-studies.html (inline),div.wrap,,padding-bottom,120px,space.32,128px,changed,
color,crew-ops-platform.html (inline),div,,background,var(--bg),color.surface.page,var(--pm-color-surface-page),same,
color,crew-ops-platform.html (inline),div,,background,var(--bg),color.surface.page,var(--pm-color-surface-page),same,
spacing,crew-ops-platform.html (inline),div,,gap,10px,space.3,12px,changed,10px tie — rounded up
font-weight,crew-ops-platform.html (inline),div,,font-weight,700,font.weight.bold,700,same,
letter-spacing,crew-ops-platform.html (inline),div,,letter-spacing,.02em,font.tracking.wide,0.02em,same,
font-size,crew-ops-platform.html (inline),div,,font-size,15px,typography.body,16px (desktop end of body),changed,tie between two roles — rounded up; review
spacing,crew-ops-platform.html (inline),a,,gap,7px,space.2,8px,changed,
spacing,crew-ops-platform.html (inline),a,,margin-left,6px,space.2,8px,changed,6px tie — rounded up
spacing,crew-ops-platform.html (inline),a,,padding-left,14px,space.4,16px,changed,14px tie — rounded up
color,crew-ops-platform.html (inline),a,,border-left,"rgba(255,255,255,.22)",color.border.strong,var(--pm-color-border-strong),changed,
font-weight,crew-ops-platform.html (inline),span.badge-label,,font-weight,600,font.weight.semibold,600,same,
color,crew-ops-platform.html (inline),span.badge-label,,color,var(--ink-faint),color.text.tertiary,var(--pm-color-text-tertiary),changed,
spacing,crew-ops-platform.html (inline),a.btn.btn-ghost.magnetic,,padding,11px 20px,space.3 space.5,12px 20px,changed,
font-size,crew-ops-platform.html (inline),a.btn.btn-ghost.magnetic,,font-size,14px,typography.small,14px (desktop end of small),same,
color,crew-ops-platform.html (inline),div,,background,"rgba(255,255,255,.18)",color.alpha.white-a18,var(--pm-color-alpha-white-a18),same,
color,crew-ops-platform.html (inline),div,,background,var(--grad),gradient.brand,var(--pm-gradient-brand),same,
color,crew-ops-platform.html (inline),button.menu-btn,,border-color,var(--coral),color.accent.primary,var(--pm-color-accent-primary),same,
spacing,crew-ops-platform.html (inline),div,,margin-top,24px,space.6,24px,same,
color,crew-ops-platform.html (inline),a,,color,var(--coral),color.accent.primary,var(--pm-color-accent-primary),same,
font-size,crew-ops-platform.html (inline),h2,,font-size,22px,typography.heading-sm,24px (desktop end of heading-sm),changed,tie between two roles — rounded up; review
color,crew-ops-platform.html (inline),span.split-word,,text-shadow,var(--cyan),color.accent.secondary,var(--pm-color-accent-secondary),same,
color,crew-ops-platform.html (inline),span.split-word,,text-shadow,var(--coral),color.accent.primary,var(--pm-color-accent-primary),same,
line-height,crew-ops-platform.html (inline),h2.cs-h2-lg,,line-height,1.2,font.line-height.snug,1.25,changed,
spacing,crew-ops-platform.html (inline),p,,margin-top,20px,space.5,20px,same,
spacing,crew-ops-platform.html (inline),p,,margin-bottom,36px,space.10,40px,changed,36px tie — rounded up
spacing,crew-ops-platform.html (inline),p,,margin-top,36px,space.10,40px,changed,36px tie — rounded up
spacing,crew-ops-platform.html (inline),h2.cs-h2-md,,margin-bottom,16px,space.4,16px,same,
color,delta.html (inline),div,,background,var(--bg),color.surface.page,var(--pm-color-surface-page),same,
color,delta.html (inline),div,,background,var(--bg),color.surface.page,var(--pm-color-surface-page),same,
spacing,delta.html (inline),div,,gap,10px,space.3,12px,changed,10px tie — rounded up
font-weight,delta.html (inline),div,,font-weight,700,font.weight.bold,700,same,
letter-spacing,delta.html (inline),div,,letter-spacing,.02em,font.tracking.wide,0.02em,same,
font-size,delta.html (inline),div,,font-size,15px,typography.body,16px (desktop end of body),changed,tie between two roles — rounded up; review
spacing,delta.html (inline),a,,gap,7px,space.2,8px,changed,
spacing,delta.html (inline),a,,margin-left,6px,space.2,8px,changed,6px tie — rounded up
spacing,delta.html (inline),a,,padding-left,14px,space.4,16px,changed,14px tie — rounded up
color,delta.html (inline),a,,border-left,"rgba(255,255,255,.22)",color.border.strong,var(--pm-color-border-strong),changed,
font-weight,delta.html (inline),span.badge-label,,font-weight,600,font.weight.semibold,600,same,
color,delta.html (inline),span.badge-label,,color,var(--ink-faint),color.text.tertiary,var(--pm-color-text-tertiary),changed,
spacing,delta.html (inline),a.btn.btn-ghost.magnetic,,padding,11px 20px,space.3 space.5,12px 20px,changed,
font-size,delta.html (inline),a.btn.btn-ghost.magnetic,,font-size,14px,typography.small,14px (desktop end of small),same,
color,delta.html (inline),div,,background,"rgba(255,255,255,.18)",color.alpha.white-a18,var(--pm-color-alpha-white-a18),same,
color,delta.html (inline),div,,background,var(--grad),gradient.brand,var(--pm-gradient-brand),same,
color,delta.html (inline),button.menu-btn,,border-color,var(--coral),color.accent.primary,var(--pm-color-accent-primary),same,
spacing,delta.html (inline),div,,margin-top,24px,space.6,24px,same,
color,delta.html (inline),a,,color,var(--coral),color.accent.primary,var(--pm-color-accent-primary),same,
color,delta.html (inline),span.split-word,,text-shadow,var(--cyan),color.accent.secondary,var(--pm-color-accent-secondary),same,
color,delta.html (inline),span.split-word,,text-shadow,var(--coral),color.accent.primary,var(--pm-color-accent-primary),same,
line-height,delta.html (inline),h2.cs-h2-lg,,line-height,1.2,font.line-height.snug,1.25,changed,
color,delta.html (inline),div.card,,border-color,"rgba(255,106,76,.5)",color.alpha.coral-a55,var(--pm-color-alpha-coral-a55),changed,
color,delta.html (inline),h3,,color,var(--coral),color.accent.primary,var(--pm-color-accent-primary),same,
color,enrollment-experience.html (inline),div,,background,var(--bg),color.surface.page,var(--pm-color-surface-page),same,
color,enrollment-experience.html (inline),div,,background,var(--bg),color.surface.page,var(--pm-color-surface-page),same,
spacing,enrollment-experience.html (inline),div,,gap,10px,space.3,12px,changed,10px tie — rounded up
font-weight,enrollment-experience.html (inline),div,,font-weight,700,font.weight.bold,700,same,
letter-spacing,enrollment-experience.html (inline),div,,letter-spacing,.02em,font.tracking.wide,0.02em,same,
font-size,enrollment-experience.html (inline),div,,font-size,15px,typography.body,16px (desktop end of body),changed,tie between two roles — rounded up; review
spacing,enrollment-experience.html (inline),a,,gap,7px,space.2,8px,changed,
spacing,enrollment-experience.html (inline),a,,margin-left,6px,space.2,8px,changed,6px tie — rounded up
spacing,enrollment-experience.html (inline),a,,padding-left,14px,space.4,16px,changed,14px tie — rounded up
color,enrollment-experience.html (inline),a,,border-left,"rgba(255,255,255,.22)",color.border.strong,var(--pm-color-border-strong),changed,
font-weight,enrollment-experience.html (inline),span.badge-label,,font-weight,600,font.weight.semibold,600,same,
color,enrollment-experience.html (inline),span.badge-label,,color,var(--ink-faint),color.text.tertiary,var(--pm-color-text-tertiary),changed,
spacing,enrollment-experience.html (inline),a.btn.btn-ghost.magnetic,,padding,11px 20px,space.3 space.5,12px 20px,changed,
font-size,enrollment-experience.html (inline),a.btn.btn-ghost.magnetic,,font-size,14px,typography.small,14px (desktop end of small),same,
color,enrollment-experience.html (inline),div,,background,"rgba(255,255,255,.18)",color.alpha.white-a18,var(--pm-color-alpha-white-a18),same,
color,enrollment-experience.html (inline),div,,background,var(--grad),gradient.brand,var(--pm-gradient-brand),same,
color,enrollment-experience.html (inline),button.menu-btn,,border-color,var(--coral),color.accent.primary,var(--pm-color-accent-primary),same,
spacing,enrollment-experience.html (inline),div,,margin-top,24px,space.6,24px,same,
color,enrollment-experience.html (inline),a,,color,var(--coral),color.accent.primary,var(--pm-color-accent-primary),same,
color,enrollment-experience.html (inline),span,,text-shadow,var(--cyan),color.accent.secondary,var(--pm-color-accent-secondary),same,
color,enrollment-experience.html (inline),span,,text-shadow,var(--coral),color.accent.primary,var(--pm-color-accent-primary),same,
color,enrollment-experience.html (inline),div.sec-cta,,border-top,var(--line),color.border.subtle,var(--pm-color-border-subtle),same,
color,enterprise-ux.html (inline),div,,background,var(--bg),color.surface.page,var(--pm-color-surface-page),same,
color,enterprise-ux.html (inline),div,,background,var(--bg),color.surface.page,var(--pm-color-surface-page),same,
spacing,enterprise-ux.html (inline),div,,gap,10px,space.3,12px,changed,10px tie — rounded up
font-weight,enterprise-ux.html (inline),div,,font-weight,700,font.weight.bold,700,same,
letter-spacing,enterprise-ux.html (inline),div,,letter-spacing,.02em,font.tracking.wide,0.02em,same,
font-size,enterprise-ux.html (inline),div,,font-size,15px,typography.body,16px (desktop end of body),changed,tie between two roles — rounded up; review
spacing,enterprise-ux.html (inline),a,,gap,7px,space.2,8px,changed,
spacing,enterprise-ux.html (inline),a,,margin-left,6px,space.2,8px,changed,6px tie — rounded up
spacing,enterprise-ux.html (inline),a,,padding-left,14px,space.4,16px,changed,14px tie — rounded up
color,enterprise-ux.html (inline),a,,border-left,"rgba(255,255,255,.22)",color.border.strong,var(--pm-color-border-strong),changed,
font-weight,enterprise-ux.html (inline),span.badge-label,,font-weight,600,font.weight.semibold,600,same,
color,enterprise-ux.html (inline),span.badge-label,,color,var(--ink-faint),color.text.tertiary,var(--pm-color-text-tertiary),changed,
spacing,enterprise-ux.html (inline),a.btn.btn-ghost.magnetic,,padding,11px 20px,space.3 space.5,12px 20px,changed,
font-size,enterprise-ux.html (inline),a.btn.btn-ghost.magnetic,,font-size,14px,typography.small,14px (desktop end of small),same,
color,enterprise-ux.html (inline),div,,background,"rgba(255,255,255,.18)",color.alpha.white-a18,var(--pm-color-alpha-white-a18),same,
color,enterprise-ux.html (inline),div,,background,var(--grad),gradient.brand,var(--pm-gradient-brand),same,
color,enterprise-ux.html (inline),button.menu-btn,,border-color,var(--coral),color.accent.primary,var(--pm-color-accent-primary),same,
spacing,enterprise-ux.html (inline),div,,margin-top,24px,space.6,24px,same,
color,enterprise-ux.html (inline),a,,color,var(--coral),color.accent.primary,var(--pm-color-accent-primary),same,
color,enterprise-ux.html (inline),span,,text-shadow,var(--cyan),color.accent.secondary,var(--pm-color-accent-secondary),same,
color,enterprise-ux.html (inline),span,,text-shadow,var(--coral),color.accent.primary,var(--pm-color-accent-primary),same,
spacing,enterprise-ux.html (inline),p.hero-sub.fade-in,,margin-top,16px,space.4,16px,same,
color,fleet-portal.html (inline),div,,background,var(--bg),color.surface.page,var(--pm-color-surface-page),same,
color,fleet-portal.html (inline),div,,background,var(--bg),color.surface.page,var(--pm-color-surface-page),same,
spacing,fleet-portal.html (inline),div,,gap,10px,space.3,12px,changed,10px tie — rounded up
font-weight,fleet-portal.html (inline),div,,font-weight,700,font.weight.bold,700,same,
letter-spacing,fleet-portal.html (inline),div,,letter-spacing,.02em,font.tracking.wide,0.02em,same,
font-size,fleet-portal.html (inline),div,,font-size,15px,typography.body,16px (desktop end of body),changed,tie between two roles — rounded up; review
spacing,fleet-portal.html (inline),a,,gap,7px,space.2,8px,changed,
spacing,fleet-portal.html (inline),a,,margin-left,6px,space.2,8px,changed,6px tie — rounded up
spacing,fleet-portal.html (inline),a,,padding-left,14px,space.4,16px,changed,14px tie — rounded up
color,fleet-portal.html (inline),a,,border-left,"rgba(255,255,255,.22)",color.border.strong,var(--pm-color-border-strong),changed,
font-weight,fleet-portal.html (inline),span.badge-label,,font-weight,600,font.weight.semibold,600,same,
color,fleet-portal.html (inline),span.badge-label,,color,var(--ink-faint),color.text.tertiary,var(--pm-color-text-tertiary),changed,
spacing,fleet-portal.html (inline),a.btn.btn-ghost.magnetic,,padding,11px 20px,space.3 space.5,12px 20px,changed,
font-size,fleet-portal.html (inline),a.btn.btn-ghost.magnetic,,font-size,14px,typography.small,14px (desktop end of small),same,
color,fleet-portal.html (inline),div,,background,"rgba(255,255,255,.18)",color.alpha.white-a18,var(--pm-color-alpha-white-a18),same,
color,fleet-portal.html (inline),div,,background,var(--grad),gradient.brand,var(--pm-gradient-brand),same,
color,fleet-portal.html (inline),button.menu-btn,,border-color,var(--coral),color.accent.primary,var(--pm-color-accent-primary),same,
spacing,fleet-portal.html (inline),div,,margin-top,24px,space.6,24px,same,
color,fleet-portal.html (inline),a,,color,var(--coral),color.accent.primary,var(--pm-color-accent-primary),same,
spacing,fleet-portal.html (inline),div.hero.wrap,,padding,48px 0 60px,space.12 space.16,48px 0 64px,changed,60px tie — rounded up
color,fleet-portal.html (inline),span,,text-shadow,var(--cyan),color.accent.secondary,var(--pm-color-accent-secondary),same,
color,fleet-portal.html (inline),span,,text-shadow,var(--coral),color.accent.primary,var(--pm-color-accent-primary),same,
spacing,fleet-portal.html (inline),div.wrap.fade-in,,padding,0 0 80px,space.20,0 0 80px,same,
motion,fleet-portal.html (inline),b,,transition,5s,"(ambient/looping — keep, add reduced-motion stop)",5s,excluded,
motion,fleet-portal.html (inline),b,,transition,5s,"(ambient/looping — keep, add reduced-motion stop)",5s,excluded,
motion,fleet-portal.html (inline),b,,transition,5s,"(ambient/looping — keep, add reduced-motion stop)",5s,excluded,
spacing,fleet-portal.html (inline),div.wrap.section,,padding-top,20px,space.5,20px,same,
font-size,fleet-portal.html (inline),h2,,font-size,38px,typography.heading-lg,40px (desktop end of heading-lg),changed,
line-height,fleet-portal.html (inline),h2,,line-height,1.2,font.line-height.snug,1.25,changed,
color,fleet-portal.html (inline),p,,color,var(--ink-dim),color.text.secondary,var(--pm-color-text-secondary),same,
font-size,fleet-portal.html (inline),p,,font-size,16px,typography.body,16px (desktop end of body),same,
line-height,fleet-portal.html (inline),p,,line-height,1.65,font.line-height.relaxed,1.65,same,
spacing,fleet-portal.html (inline),p,,margin-top,20px,space.5,20px,same,
spacing,fleet-portal.html (inline),div.wrap,,padding,0 0 100px,space.24,0 0 96px,changed,
font-size,fleet-portal.html (inline),h2,,font-size,38px,typography.heading-lg,40px (desktop end of heading-lg),changed,
spacing,fleet-portal.html (inline),h2,,margin-bottom,36px,space.10,40px,changed,36px tie — rounded up
spacing,fleet-portal.html (inline),div.wrap.split-section,,padding,0 0 120px,space.32,0 0 128px,changed,
font-size,fleet-portal.html (inline),h2,,font-size,34px,typography.heading-md,32px (desktop end of heading-md),changed,
spacing,fleet-portal.html (inline),div.card.quote-card,,padding,36px,space.10,40px,changed,36px tie — rounded up
color,fleet-portal.html (inline),div,,border-top,var(--line),color.border.subtle,var(--pm-color-border-subtle),same,
spacing,fleet-portal.html (inline),div,,padding,70px 0,space.16,64px 0,changed,
font-size,fleet-portal.html (inline),h2,,font-size,34px,typography.heading-md,32px (desktop end of heading-md),changed,
spacing,fleet-portal.html (inline),h2,,margin,0 auto 32px,space.8,0 auto 32px,same,
line-height,fleet-portal.html (inline),h2,,line-height,1.3,font.line-height.snug,1.25,changed,
color,home-connections.html (inline),div,,background,var(--bg),color.surface.page,var(--pm-color-surface-page),same,
color,home-connections.html (inline),div,,background,var(--bg),color.surface.page,var(--pm-color-surface-page),same,
spacing,home-connections.html (inline),div,,gap,10px,space.3,12px,changed,10px tie — rounded up
font-weight,home-connections.html (inline),div,,font-weight,700,font.weight.bold,700,same,
letter-spacing,home-connections.html (inline),div,,letter-spacing,.02em,font.tracking.wide,0.02em,same,
font-size,home-connections.html (inline),div,,font-size,15px,typography.body,16px (desktop end of body),changed,tie between two roles — rounded up; review
spacing,home-connections.html (inline),a,,gap,7px,space.2,8px,changed,
spacing,home-connections.html (inline),a,,margin-left,6px,space.2,8px,changed,6px tie — rounded up
spacing,home-connections.html (inline),a,,padding-left,14px,space.4,16px,changed,14px tie — rounded up
color,home-connections.html (inline),a,,border-left,"rgba(255,255,255,.22)",color.border.strong,var(--pm-color-border-strong),changed,
font-weight,home-connections.html (inline),span.badge-label,,font-weight,600,font.weight.semibold,600,same,
color,home-connections.html (inline),span.badge-label,,color,var(--ink-faint),color.text.tertiary,var(--pm-color-text-tertiary),changed,
spacing,home-connections.html (inline),a.btn.btn-ghost.magnetic,,padding,11px 20px,space.3 space.5,12px 20px,changed,
font-size,home-connections.html (inline),a.btn.btn-ghost.magnetic,,font-size,14px,typography.small,14px (desktop end of small),same,
color,home-connections.html (inline),div,,background,"rgba(255,255,255,.18)",color.alpha.white-a18,var(--pm-color-alpha-white-a18),same,
color,home-connections.html (inline),div,,background,var(--grad),gradient.brand,var(--pm-gradient-brand),same,
color,home-connections.html (inline),button.menu-btn,,border-color,var(--coral),color.accent.primary,var(--pm-color-accent-primary),same,
spacing,home-connections.html (inline),div,,margin-top,24px,space.6,24px,same,
color,home-connections.html (inline),a,,color,var(--coral),color.accent.primary,var(--pm-color-accent-primary),same,
color,home-connections.html (inline),span,,text-shadow,var(--cyan),color.accent.secondary,var(--pm-color-accent-secondary),same,
color,home-connections.html (inline),span,,text-shadow,var(--coral),color.accent.primary,var(--pm-color-accent-primary),same,
color,home-connections.html (inline),div.hc-cta,,border-top,var(--line),color.border.subtle,var(--pm-color-border-subtle),same,
color,index.html (inline),div,,background,var(--bg),color.surface.page,var(--pm-color-surface-page),same,
color,index.html (inline),div,,background,var(--bg),color.surface.page,var(--pm-color-surface-page),same,
spacing,index.html (inline),div,,gap,10px,space.3,12px,changed,10px tie — rounded up
font-weight,index.html (inline),div,,font-weight,700,font.weight.bold,700,same,
letter-spacing,index.html (inline),div,,letter-spacing,.02em,font.tracking.wide,0.02em,same,
font-size,index.html (inline),div,,font-size,15px,typography.body,16px (desktop end of body),changed,tie between two roles — rounded up; review
spacing,index.html (inline),a,,gap,7px,space.2,8px,changed,
spacing,index.html (inline),a,,margin-left,6px,space.2,8px,changed,6px tie — rounded up
spacing,index.html (inline),a,,padding-left,14px,space.4,16px,changed,14px tie — rounded up
color,index.html (inline),a,,border-left,"rgba(255,255,255,.22)",color.border.strong,var(--pm-color-border-strong),changed,
font-weight,index.html (inline),span.badge-label,,font-weight,600,font.weight.semibold,600,same,
color,index.html (inline),span.badge-label,,color,var(--ink-faint),color.text.tertiary,var(--pm-color-text-tertiary),changed,
spacing,index.html (inline),a.btn.btn-ghost.magnetic,,padding,11px 20px,space.3 space.5,12px 20px,changed,
font-size,index.html (inline),a.btn.btn-ghost.magnetic,,font-size,14px,typography.small,14px (desktop end of small),same,
color,index.html (inline),div,,background,"rgba(255,255,255,.18)",color.alpha.white-a18,var(--pm-color-alpha-white-a18),same,
color,index.html (inline),div,,background,var(--grad),gradient.brand,var(--pm-gradient-brand),same,
color,index.html (inline),button.menu-btn,,border-color,var(--coral),color.accent.primary,var(--pm-color-accent-primary),same,
spacing,index.html (inline),div,,margin-top,24px,space.6,24px,same,
color,index.html (inline),a,,color,var(--coral),color.accent.primary,var(--pm-color-accent-primary),same,
spacing,index.html (inline),div.hero.wrap,,gap,28px,space.8,32px,changed,28px tie — rounded up
color,index.html (inline),span.split-word,,text-shadow,var(--cyan),color.accent.secondary,var(--pm-color-accent-secondary),same,
color,index.html (inline),span.split-word,,text-shadow,var(--coral),color.accent.primary,var(--pm-color-accent-primary),same,
font-size,index.html (inline),p.fade-in,,font-size,19px,typography.lead,20px (desktop end of lead),changed,tie between two roles — rounded up; review
line-height,index.html (inline),p.fade-in,,line-height,1.6,font.line-height.relaxed,1.65,changed,
color,index.html (inline),p.fade-in,,color,var(--ink-dim),color.text.secondary,var(--pm-color-text-secondary),same,
spacing,index.html (inline),div.fade-in,,gap,16px,space.4,16px,same,
spacing,index.html (inline),div.fade-in,,margin-top,8px,space.2,8px,same,
spacing,index.html (inline),div.scroll-hint.fade-in,,margin-top,56px,space.14,56px,same,
color,index.html (inline),div.scroll-hint.fade-in,,color,var(--ink-faint),color.text.tertiary,var(--pm-color-text-tertiary),changed,
font-size,index.html (inline),div.scroll-hint.fade-in,,font-size,13px,typography.small,14px (desktop end of small),changed,tie between two roles — rounded up; review
letter-spacing,index.html (inline),div.scroll-hint.fade-in,,letter-spacing,.08em,font.tracking.caps,0.05em,changed,
motion,index.html (inline),div.scroll-hint.fade-in,,animation,2.2s,"(ambient/looping — keep, add reduced-motion stop)",2.2s,excluded,
spacing,index.html (inline),div,,padding,8px 0 40px,space.2 space.10,8px 0 40px,same,
spacing,index.html (inline),div.wrap,,margin-bottom,20px,space.5,20px,same,
spacing,index.html (inline),div.wrap,,gap,16px,space.4,16px,same,
font-size,index.html (inline),h2,,font-size,32px,typography.heading-md,32px (desktop end of heading-md),same,
color,index.html (inline),p.methodology-blurb,,color,var(--ink-faint),color.text.tertiary,var(--pm-color-text-tertiary),changed,
font-size,index.html (inline),p.methodology-blurb,,font-size,14px,typography.small,14px (desktop end of small),same,
line-height,index.html (inline),p.methodology-blurb,,line-height,1.5,font.line-height.normal,1.5,same,
font-size,index.html (inline),h3,,font-size,18px,typography.body-lg,18px (desktop end of body-lg),same,
spacing,index.html (inline),h3,,margin-top,8px,space.2,8px,same,
color,index.html (inline),h3,,color,var(--ink),color.text.primary,var(--pm-color-text-primary),same,
color,index.html (inline),p,,color,var(--ink-dim),color.text.secondary,var(--pm-color-text-secondary),same,
font-size,index.html (inline),p,,font-size,14px,typography.small,14px (desktop end of small),same,
line-height,index.html (inline),p,,line-height,1.5,font.line-height.normal,1.5,same,
spacing,index.html (inline),p,,margin-top,8px,space.2,8px,same,
font-size,index.html (inline),h3,,font-size,18px,typography.body-lg,18px (desktop end of body-lg),same,
spacing,index.html (inline),h3,,margin-top,8px,space.2,8px,same,
color,index.html (inline),h3,,color,var(--ink),color.text.primary,var(--pm-color-text-primary),same,
color,index.html (inline),p,,color,var(--ink-dim),color.text.secondary,var(--pm-color-text-secondary),same,
font-size,index.html (inline),p,,font-size,14px,typography.small,14px (desktop end of small),same,
line-height,index.html (inline),p,,line-height,1.5,font.line-height.normal,1.5,same,
spacing,index.html (inline),p,,margin-top,8px,space.2,8px,same,
font-size,index.html (inline),h3,,font-size,18px,typography.body-lg,18px (desktop end of body-lg),same,
spacing,index.html (inline),h3,,margin-top,8px,space.2,8px,same,
color,index.html (inline),h3,,color,var(--ink),color.text.primary,var(--pm-color-text-primary),same,
color,index.html (inline),p,,color,var(--ink-dim),color.text.secondary,var(--pm-color-text-secondary),same,
font-size,index.html (inline),p,,font-size,14px,typography.small,14px (desktop end of small),same,
line-height,index.html (inline),p,,line-height,1.5,font.line-height.normal,1.5,same,
spacing,index.html (inline),p,,margin-top,8px,space.2,8px,same,
font-size,index.html (inline),h3,,font-size,18px,typography.body-lg,18px (desktop end of body-lg),same,
spacing,index.html (inline),h3,,margin-top,8px,space.2,8px,same,
color,index.html (inline),h3,,color,var(--ink),color.text.primary,var(--pm-color-text-primary),same,
color,index.html (inline),p,,color,var(--ink-dim),color.text.secondary,var(--pm-color-text-secondary),same,
font-size,index.html (inline),p,,font-size,14px,typography.small,14px (desktop end of small),same,
line-height,index.html (inline),p,,line-height,1.5,font.line-height.normal,1.5,same,
spacing,index.html (inline),p,,margin-top,8px,space.2,8px,same,
font-size,index.html (inline),h3,,font-size,18px,typography.body-lg,18px (desktop end of body-lg),same,
spacing,index.html (inline),h3,,margin-top,8px,space.2,8px,same,
color,index.html (inline),h3,,color,var(--ink),color.text.primary,var(--pm-color-text-primary),same,
color,index.html (inline),p,,color,var(--ink-dim),color.text.secondary,var(--pm-color-text-secondary),same,
font-size,index.html (inline),p,,font-size,14px,typography.small,14px (desktop end of small),same,
line-height,index.html (inline),p,,line-height,1.5,font.line-height.normal,1.5,same,
spacing,index.html (inline),p,,margin-top,8px,space.2,8px,same,
font-size,index.html (inline),h3,,font-size,18px,typography.body-lg,18px (desktop end of body-lg),same,
spacing,index.html (inline),h3,,margin-top,8px,space.2,8px,same,
color,index.html (inline),h3,,color,var(--ink),color.text.primary,var(--pm-color-text-primary),same,
color,index.html (inline),p,,color,var(--ink-dim),color.text.secondary,var(--pm-color-text-secondary),same,
font-size,index.html (inline),p,,font-size,14px,typography.small,14px (desktop end of small),same,
line-height,index.html (inline),p,,line-height,1.5,font.line-height.normal,1.5,same,
spacing,index.html (inline),p,,margin-top,8px,space.2,8px,same,
font-size,index.html (inline),h3,,font-size,18px,typography.body-lg,18px (desktop end of body-lg),same,
spacing,index.html (inline),h3,,margin-top,8px,space.2,8px,same,
color,index.html (inline),h3,,color,var(--ink),color.text.primary,var(--pm-color-text-primary),same,
color,index.html (inline),p,,color,var(--ink-dim),color.text.secondary,var(--pm-color-text-secondary),same,
font-size,index.html (inline),p,,font-size,14px,typography.small,14px (desktop end of small),same,
line-height,index.html (inline),p,,line-height,1.5,font.line-height.normal,1.5,same,
spacing,index.html (inline),p,,margin-top,8px,space.2,8px,same,
font-size,index.html (inline),h3,,font-size,18px,typography.body-lg,18px (desktop end of body-lg),same,
spacing,index.html (inline),h3,,margin-top,8px,space.2,8px,same,
color,index.html (inline),h3,,color,var(--ink),color.text.primary,var(--pm-color-text-primary),same,
color,index.html (inline),p,,color,var(--ink-dim),color.text.secondary,var(--pm-color-text-secondary),same,
font-size,index.html (inline),p,,font-size,14px,typography.small,14px (desktop end of small),same,
line-height,index.html (inline),p,,line-height,1.5,font.line-height.normal,1.5,same,
spacing,index.html (inline),p,,margin-top,8px,space.2,8px,same,
spacing,index.html (inline),div.wrap,,padding-bottom,120px,space.32,128px,changed,
font-size,index.html (inline),h2,,font-size,40px,typography.heading-lg,40px (desktop end of heading-lg),same,
spacing,index.html (inline),h2,,margin-bottom,44px,space.12,48px,changed,44px tie — rounded up
spacing,index.html (inline),div,,gap,32px,space.8,32px,same,
font-size,index.html (inline),h3,,font-size,30px,typography.heading-md,32px (desktop end of heading-md),changed,
line-height,index.html (inline),h3,,line-height,1.2,font.line-height.snug,1.25,changed,
color,index.html (inline),p,,color,var(--ink-dim),color.text.secondary,var(--pm-color-text-secondary),same,
font-size,index.html (inline),p,,font-size,15px,typography.body,16px (desktop end of body),changed,tie between two roles — rounded up; review
line-height,index.html (inline),p,,line-height,1.6,font.line-height.relaxed,1.65,changed,
color,index.html (inline),div,,border-top,var(--line),color.border.subtle,var(--pm-color-border-subtle),same,
spacing,index.html (inline),div,,padding,56px 0,space.14,56px 0,same,
font-size,index.html (inline),h2,,font-size,32px,typography.heading-md,32px (desktop end of heading-md),same,
spacing,index.html (inline),h2,,margin,0 auto 32px,space.8,0 auto 32px,same,
line-height,index.html (inline),h2,,line-height,1.25,font.line-height.snug,1.25,same,
color,index.html (inline),span,,text-shadow,var(--cyan),color.accent.secondary,var(--pm-color-accent-secondary),same,
color,index.html (inline),span,,text-shadow,var(--coral),color.accent.primary,var(--pm-color-accent-primary),same,
color,patient-portal.html (inline),div,,background,var(--bg),color.surface.page,var(--pm-color-surface-page),same,
color,patient-portal.html (inline),div,,background,var(--bg),color.surface.page,var(--pm-color-surface-page),same,
spacing,patient-portal.html (inline),div,,gap,10px,space.3,12px,changed,10px tie — rounded up
font-weight,patient-portal.html (inline),div,,font-weight,700,font.weight.bold,700,same,
letter-spacing,patient-portal.html (inline),div,,letter-spacing,.02em,font.tracking.wide,0.02em,same,
font-size,patient-portal.html (inline),div,,font-size,15px,typography.body,16px (desktop end of body),changed,tie between two roles — rounded up; review
spacing,patient-portal.html (inline),a,,gap,7px,space.2,8px,changed,
spacing,patient-portal.html (inline),a,,margin-left,6px,space.2,8px,changed,6px tie — rounded up
spacing,patient-portal.html (inline),a,,padding-left,14px,space.4,16px,changed,14px tie — rounded up
color,patient-portal.html (inline),a,,border-left,"rgba(255,255,255,.22)",color.border.strong,var(--pm-color-border-strong),changed,
font-weight,patient-portal.html (inline),span.badge-label,,font-weight,600,font.weight.semibold,600,same,
color,patient-portal.html (inline),span.badge-label,,color,var(--ink-faint),color.text.tertiary,var(--pm-color-text-tertiary),changed,
spacing,patient-portal.html (inline),a.btn.btn-ghost.magnetic,,padding,11px 20px,space.3 space.5,12px 20px,changed,
font-size,patient-portal.html (inline),a.btn.btn-ghost.magnetic,,font-size,14px,typography.small,14px (desktop end of small),same,
color,patient-portal.html (inline),div,,background,"rgba(255,255,255,.18)",color.alpha.white-a18,var(--pm-color-alpha-white-a18),same,
color,patient-portal.html (inline),div,,background,var(--grad),gradient.brand,var(--pm-gradient-brand),same,
color,patient-portal.html (inline),button.menu-btn,,border-color,var(--coral),color.accent.primary,var(--pm-color-accent-primary),same,
spacing,patient-portal.html (inline),div,,margin-top,24px,space.6,24px,same,
color,patient-portal.html (inline),a,,color,var(--coral),color.accent.primary,var(--pm-color-accent-primary),same,
color,patient-portal.html (inline),span.split-word,,text-shadow,var(--cyan),color.accent.secondary,var(--pm-color-accent-secondary),same,
color,patient-portal.html (inline),span.split-word,,text-shadow,var(--coral),color.accent.primary,var(--pm-color-accent-primary),same,
line-height,patient-portal.html (inline),h2.cs-h2-lg,,line-height,1.2,font.line-height.snug,1.25,changed,
line-height,patient-portal.html (inline),h2.cs-h2-lg,,line-height,1.2,font.line-height.snug,1.25,changed,
line-height,patient-portal.html (inline),h2.cs-h2-lg,,line-height,1.2,font.line-height.snug,1.25,changed,
color,product-trio.html (inline),div,,background,var(--bg),color.surface.page,var(--pm-color-surface-page),same,
color,product-trio.html (inline),div,,background,var(--bg),color.surface.page,var(--pm-color-surface-page),same,
spacing,product-trio.html (inline),div,,gap,10px,space.3,12px,changed,10px tie — rounded up
font-weight,product-trio.html (inline),div,,font-weight,700,font.weight.bold,700,same,
letter-spacing,product-trio.html (inline),div,,letter-spacing,.02em,font.tracking.wide,0.02em,same,
font-size,product-trio.html (inline),div,,font-size,15px,typography.body,16px (desktop end of body),changed,tie between two roles — rounded up; review
spacing,product-trio.html (inline),a,,gap,7px,space.2,8px,changed,
spacing,product-trio.html (inline),a,,margin-left,6px,space.2,8px,changed,6px tie — rounded up
spacing,product-trio.html (inline),a,,padding-left,14px,space.4,16px,changed,14px tie — rounded up
color,product-trio.html (inline),a,,border-left,"rgba(255,255,255,.22)",color.border.strong,var(--pm-color-border-strong),changed,
font-weight,product-trio.html (inline),span.badge-label,,font-weight,600,font.weight.semibold,600,same,
color,product-trio.html (inline),span.badge-label,,color,var(--ink-faint),color.text.tertiary,var(--pm-color-text-tertiary),changed,
spacing,product-trio.html (inline),a.btn.btn-ghost.magnetic,,padding,11px 20px,space.3 space.5,12px 20px,changed,
font-size,product-trio.html (inline),a.btn.btn-ghost.magnetic,,font-size,14px,typography.small,14px (desktop end of small),same,
color,product-trio.html (inline),div,,background,"rgba(255,255,255,.18)",color.alpha.white-a18,var(--pm-color-alpha-white-a18),same,
color,product-trio.html (inline),div,,background,var(--grad),gradient.brand,var(--pm-gradient-brand),same,
color,product-trio.html (inline),button.menu-btn,,border-color,var(--coral),color.accent.primary,var(--pm-color-accent-primary),same,
spacing,product-trio.html (inline),div,,margin-top,24px,space.6,24px,same,
color,product-trio.html (inline),a,,color,var(--coral),color.accent.primary,var(--pm-color-accent-primary),same,
color,product-trio.html (inline),span.split-word,,text-shadow,var(--cyan),color.accent.secondary,var(--pm-color-accent-secondary),same,
color,product-trio.html (inline),span.split-word,,text-shadow,var(--coral),color.accent.primary,var(--pm-color-accent-primary),same,
color,product-trio.html (inline),span.split-word,,text-shadow,var(--cyan),color.accent.secondary,var(--pm-color-accent-secondary),same,
color,product-trio.html (inline),span.split-word,,text-shadow,var(--coral),color.accent.primary,var(--pm-color-accent-primary),same,
spacing,product-trio.html (inline),div.wrap.fade-in,,padding-bottom,80px,space.20,80px,same,
motion,product-trio.html (inline),b,,transition,5s,"(ambient/looping — keep, add reduced-motion stop)",5s,excluded,
motion,product-trio.html (inline),b,,transition,5s,"(ambient/looping — keep, add reduced-motion stop)",5s,excluded,
motion,product-trio.html (inline),b,,transition,5s,"(ambient/looping — keep, add reduced-motion stop)",5s,excluded,
spacing,product-trio.html (inline),div.card,,margin-top,40px,space.10,40px,same,
font-size,product-trio.html (inline),span,,font-size,13px,typography.small,14px (desktop end of small),changed,tie between two roles — rounded up; review
color,product-trio.html (inline),span,,color,var(--ink-dim),color.text.secondary,var(--pm-color-text-secondary),same,
font-size,product-trio.html (inline),span,,font-size,13px,typography.small,14px (desktop end of small),changed,tie between two roles — rounded up; review
color,product-trio.html (inline),span,,color,var(--ink-dim),color.text.secondary,var(--pm-color-text-secondary),same,
font-size,product-trio.html (inline),span,,font-size,13px,typography.small,14px (desktop end of small),changed,tie between two roles — rounded up; review
color,product-trio.html (inline),span,,color,var(--coral),color.accent.primary,var(--pm-color-accent-primary),same,
font-weight,product-trio.html (inline),span,,font-weight,600,font.weight.semibold,600,same,
font-size,product-trio.html (inline),span,,font-size,13px,typography.small,14px (desktop end of small),changed,tie between two roles — rounded up; review
color,product-trio.html (inline),span,,color,var(--ink-dim),color.text.secondary,var(--pm-color-text-secondary),same,
color,product-trio.html (inline),p,,color,var(--ink-faint),color.text.tertiary,var(--pm-color-text-tertiary),changed,
font-size,product-trio.html (inline),p,,font-size,12px,typography.caption,12px (desktop end of caption),same,
spacing,product-trio.html (inline),p,,margin-top,16px,space.4,16px,same,
spacing,product-trio.html (inline),div.card,,margin-top,20px,space.5,20px,same,
color,product-trio.html (inline),div.pt-adopt-bar,,background,#9ACB63,(data-viz — excluded),#9ACB63,excluded,
color,product-trio.html (inline),div.pt-adopt-bar,,background,#6F62FB,(data-viz — excluded),#6F62FB,excluded,
color,product-trio.html (inline),div.pt-adopt-bar,,background,#AE62FB,(data-viz — excluded),#AE62FB,excluded,
color,product-trio.html (inline),div.pt-adopt-bar,,background,#FB62D2,(data-viz — excluded),#FB62D2,excluded,
color,product-trio.html (inline),p,,color,var(--ink-faint),color.text.tertiary,var(--pm-color-text-tertiary),changed,
font-size,product-trio.html (inline),p,,font-size,12px,typography.caption,12px (desktop end of caption),same,
spacing,product-trio.html (inline),p,,margin-top,16px,space.4,16px,same,
color,product-trio.html (inline),div.pt-cta-section,,border-top,var(--line),color.border.subtle,var(--pm-color-border-subtle),same,
color,usability-testing.html (inline),div,,background,var(--bg),color.surface.page,var(--pm-color-surface-page),same,
color,usability-testing.html (inline),div,,background,var(--bg),color.surface.page,var(--pm-color-surface-page),same,
spacing,usability-testing.html (inline),div,,gap,10px,space.3,12px,changed,10px tie — rounded up
font-weight,usability-testing.html (inline),div,,font-weight,700,font.weight.bold,700,same,
letter-spacing,usability-testing.html (inline),div,,letter-spacing,.02em,font.tracking.wide,0.02em,same,
font-size,usability-testing.html (inline),div,,font-size,15px,typography.body,16px (desktop end of body),changed,tie between two roles — rounded up; review
spacing,usability-testing.html (inline),a,,gap,7px,space.2,8px,changed,
spacing,usability-testing.html (inline),a,,margin-left,6px,space.2,8px,changed,6px tie — rounded up
spacing,usability-testing.html (inline),a,,padding-left,14px,space.4,16px,changed,14px tie — rounded up
color,usability-testing.html (inline),a,,border-left,"rgba(255,255,255,.22)",color.border.strong,var(--pm-color-border-strong),changed,
font-weight,usability-testing.html (inline),span.badge-label,,font-weight,600,font.weight.semibold,600,same,
color,usability-testing.html (inline),span.badge-label,,color,var(--ink-faint),color.text.tertiary,var(--pm-color-text-tertiary),changed,
spacing,usability-testing.html (inline),a.btn.btn-ghost.magnetic,,padding,11px 20px,space.3 space.5,12px 20px,changed,
font-size,usability-testing.html (inline),a.btn.btn-ghost.magnetic,,font-size,14px,typography.small,14px (desktop end of small),same,
color,usability-testing.html (inline),div,,background,"rgba(255,255,255,.18)",color.alpha.white-a18,var(--pm-color-alpha-white-a18),same,
color,usability-testing.html (inline),div,,background,var(--grad),gradient.brand,var(--pm-gradient-brand),same,
color,usability-testing.html (inline),button.menu-btn,,border-color,var(--coral),color.accent.primary,var(--pm-color-accent-primary),same,
spacing,usability-testing.html (inline),div,,margin-top,24px,space.6,24px,same,
color,usability-testing.html (inline),a,,color,var(--coral),color.accent.primary,var(--pm-color-accent-primary),same,
color,usability-testing.html (inline),span,,text-shadow,var(--cyan),color.accent.secondary,var(--pm-color-accent-secondary),same,
color,usability-testing.html (inline),span,,text-shadow,var(--coral),color.accent.primary,var(--pm-color-accent-primary),same,
color,usability-testing.html (inline),span,,text-shadow,var(--cyan),color.accent.secondary,var(--pm-color-accent-secondary),same,
color,usability-testing.html (inline),span,,text-shadow,var(--coral),color.accent.primary,var(--pm-color-accent-primary),same,
spacing,usability-testing.html (inline),div.wrap.fade-in,,padding-bottom,80px,space.20,80px,same,
spacing,usability-testing.html (inline),div.wrap,,padding-top,20px,space.5,20px,same,
spacing,usability-testing.html (inline),div.wrap,,padding-bottom,100px,space.24,96px,changed,
font-size,usability-testing.html (inline),h2,,font-size,38px,typography.heading-lg,40px (desktop end of heading-lg),changed,
line-height,usability-testing.html (inline),h2,,line-height,1.2,font.line-height.snug,1.25,changed,
color,usability-testing.html (inline),p,,color,var(--ink-dim),color.text.secondary,var(--pm-color-text-secondary),same,
font-size,usability-testing.html (inline),p,,font-size,16px,typography.body,16px (desktop end of body),same,
line-height,usability-testing.html (inline),p,,line-height,1.65,font.line-height.relaxed,1.65,same,
spacing,usability-testing.html (inline),p,,margin-top,20px,space.5,20px,same,
spacing,usability-testing.html (inline),div.wrap.section-grid,,padding-bottom,100px,space.24,96px,changed,
spacing,usability-testing.html (inline),div.wrap.section-grid,,padding-bottom,100px,space.24,96px,changed,
spacing,usability-testing.html (inline),div.wrap,,padding-top,100px,space.24,96px,changed,
spacing,usability-testing.html (inline),div.wrap,,padding-bottom,100px,space.24,96px,changed,
font-size,usability-testing.html (inline),h2,,font-size,38px,typography.heading-lg,40px (desktop end of heading-lg),changed,
spacing,usability-testing.html (inline),h2,,margin-bottom,36px,space.10,40px,changed,36px tie — rounded up
spacing,usability-testing.html (inline),div.wrap.section-grid,,padding-bottom,100px,space.24,96px,changed,
spacing,usability-testing.html (inline),div.wrap.section-grid,,padding-bottom,60px,space.16,64px,changed,60px tie — rounded up
spacing,usability-testing.html (inline),div.card.quote-card,,padding,36px,space.10,40px,changed,36px tie — rounded up
spacing,usability-testing.html (inline),div.wrap.section-grid,,padding-bottom,120px,space.32,128px,changed,
spacing,usability-testing.html (inline),div.card.testimonial-card,,padding,32px,space.8,32px,same,
spacing,usability-testing.html (inline),div.card.testimonial-card,,padding,32px,space.8,32px,same,
spacing,usability-testing.html (inline),div.cta-footer,,padding,70px 0,space.16,64px 0,changed,
color,xcelerate.html (inline),div,,background,var(--bg),color.surface.page,var(--pm-color-surface-page),same,
color,xcelerate.html (inline),div,,background,var(--bg),color.surface.page,var(--pm-color-surface-page),same,
spacing,xcelerate.html (inline),div,,gap,10px,space.3,12px,changed,10px tie — rounded up
font-weight,xcelerate.html (inline),div,,font-weight,700,font.weight.bold,700,same,
letter-spacing,xcelerate.html (inline),div,,letter-spacing,.02em,font.tracking.wide,0.02em,same,
font-size,xcelerate.html (inline),div,,font-size,15px,typography.body,16px (desktop end of body),changed,tie between two roles — rounded up; review
spacing,xcelerate.html (inline),a,,gap,7px,space.2,8px,changed,
spacing,xcelerate.html (inline),a,,margin-left,6px,space.2,8px,changed,6px tie — rounded up
spacing,xcelerate.html (inline),a,,padding-left,14px,space.4,16px,changed,14px tie — rounded up
color,xcelerate.html (inline),a,,border-left,"rgba(255,255,255,.22)",color.border.strong,var(--pm-color-border-strong),changed,
font-weight,xcelerate.html (inline),span.badge-label,,font-weight,600,font.weight.semibold,600,same,
color,xcelerate.html (inline),span.badge-label,,color,var(--ink-faint),color.text.tertiary,var(--pm-color-text-tertiary),changed,
spacing,xcelerate.html (inline),a.btn.btn-ghost.magnetic,,padding,11px 20px,space.3 space.5,12px 20px,changed,
font-size,xcelerate.html (inline),a.btn.btn-ghost.magnetic,,font-size,14px,typography.small,14px (desktop end of small),same,
color,xcelerate.html (inline),div,,background,"rgba(255,255,255,.18)",color.alpha.white-a18,var(--pm-color-alpha-white-a18),same,
color,xcelerate.html (inline),div,,background,var(--grad),gradient.brand,var(--pm-gradient-brand),same,
color,xcelerate.html (inline),button.menu-btn,,border-color,var(--coral),color.accent.primary,var(--pm-color-accent-primary),same,
spacing,xcelerate.html (inline),div,,margin-top,24px,space.6,24px,same,
color,xcelerate.html (inline),a,,color,var(--coral),color.accent.primary,var(--pm-color-accent-primary),same,
color,xcelerate.html (inline),span,,text-shadow,var(--cyan),color.accent.secondary,var(--pm-color-accent-secondary),same,
color,xcelerate.html (inline),span,,text-shadow,var(--coral),color.accent.primary,var(--pm-color-accent-primary),same,
spacing,xcelerate.html (inline),p.fade-in,,margin-top,14px,space.4,16px,changed,14px tie — rounded up
spacing,xcelerate.html (inline),p,,margin-top,16px,space.4,16px,same,
color,xcelerate.html (inline),div.cs-cta,,border-top,var(--line),color.border.subtle,var(--pm-color-border-subtle),same,
